<powerpagecomponent powerpagecomponentid="6b62cefc-29ef-493e-9dac-ee46123509ac">
  <content>{"disablepagevalidation":false,"displayimageonly":false,"displayorder":2,"displaypagechildlinks":false,"openinnewwindow":false,"pageid":"6926a5b1-67c9-4a5b-963d-4ec90fc18ba2","parentweblinkid":"8d9468f0-c745-45b1-97f3-a7820876b415","publishingstateid":"ca7128c0-711a-422a-83bf-714e16df13ee","robotsfollowlink":true,"weblinksetid":"e0cdcd52-4c5f-421b-a854-20e1e388a710"}</content>
  <iscustomizable>1</iscustomizable>
  <name>Subpage 2</name>
  <powerpagecomponenttype>5</powerpagecomponenttype>
  <powerpagesiteid>
    <powerpagesiteid>217aef6d-14c8-41d7-912e-4d09fa09c04e</powerpagesiteid>
  </powerpagesiteid>
  <statecode>0</statecode>
  <statuscode>1</statuscode>
</powerpagecomponent>