<powerpagecomponent powerpagecomponentid="f64b5ef4-fadb-417b-ba86-0058480665bd">
  <content>{"display_name":"Social Share Widget Code Page Bottom","type":756150000}</content>
  <iscustomizable>1</iscustomizable>
  <name>Social Share Widget Code Page Bottom</name>
  <powerpagecomponenttype>7</powerpagecomponenttype>
  <powerpagesiteid>
    <powerpagesiteid>217aef6d-14c8-41d7-912e-4d09fa09c04e</powerpagesiteid>
  </powerpagesiteid>
  <powerpagesitelanguageid>
    <powerpagesitelanguageid>526ce4d2-ae47-4a38-aa1f-6fad8fb70459</powerpagesitelanguageid>
  </powerpagesitelanguageid>
  <statecode>0</statecode>
  <statuscode>1</statuscode>
</powerpagecomponent>