<powerpagecomponent powerpagecomponentid="f4cf86b4-3c1e-497e-bd38-29354f6ca48b">
  <content>{"display_name":"Search/Results Count","type":756150000,"value":"{{ current_page }} - {{ page_size }} of {{ searchindex.approximate_total_hits }} Results"}</content>
  <iscustomizable>1</iscustomizable>
  <name>Search/ResultsCount</name>
  <powerpagecomponenttype>7</powerpagecomponenttype>
  <powerpagesiteid>
    <powerpagesiteid>217aef6d-14c8-41d7-912e-4d09fa09c04e</powerpagesiteid>
  </powerpagesiteid>
  <powerpagesitelanguageid>
    <powerpagesitelanguageid>526ce4d2-ae47-4a38-aa1f-6fad8fb70459</powerpagesitelanguageid>
  </powerpagesitelanguageid>
  <statecode>0</statecode>
  <statuscode>1</statuscode>
</powerpagecomponent>