<powerpagecomponent powerpagecomponentid="0c6d3187-d330-4464-b773-5b3d777b8373">
  <content>{"description":"Site setting that controls the depth of the webpage hierarchy that’s cloned in a newly-added supported language. Web link sets and content snippets are cloned in the newly-added language when webpages are cloned.","value":"3"}</content>
  <iscustomizable>1</iscustomizable>
  <name>MultiLanguage/MaximumDepthToClone</name>
  <powerpagecomponenttype>9</powerpagecomponenttype>
  <powerpagesiteid>
    <powerpagesiteid>217aef6d-14c8-41d7-912e-4d09fa09c04e</powerpagesiteid>
  </powerpagesiteid>
  <statecode>0</statecode>
  <statuscode>1</statuscode>
</powerpagecomponent>