<powerpagecomponent powerpagecomponentid="8df1f47a-1cb6-4cd3-923d-458562f5c79c">
  <content>{"display_name":"Login/ACS/Heading","type":756150000,"value":"Sign in to Starter Portal"}</content>
  <iscustomizable>1</iscustomizable>
  <name>Login/ACS/Heading</name>
  <powerpagecomponenttype>7</powerpagecomponenttype>
  <powerpagesiteid>
    <powerpagesiteid>217aef6d-14c8-41d7-912e-4d09fa09c04e</powerpagesiteid>
  </powerpagesiteid>
  <powerpagesitelanguageid>
    <powerpagesitelanguageid>526ce4d2-ae47-4a38-aa1f-6fad8fb70459</powerpagesitelanguageid>
  </powerpagesitelanguageid>
  <statecode>0</statecode>
  <statuscode>1</statuscode>
</powerpagecomponent>