<powerpagecomponent powerpagecomponentid="32f55d6b-1cb9-4084-abd4-f622e51ee856">
  <content>{"display_name":"Search/No Results","type":756150000,"value":"No results found."}</content>
  <iscustomizable>1</iscustomizable>
  <name>Search/NoResults</name>
  <powerpagecomponenttype>7</powerpagecomponenttype>
  <powerpagesiteid>
    <powerpagesiteid>217aef6d-14c8-41d7-912e-4d09fa09c04e</powerpagesiteid>
  </powerpagesiteid>
  <powerpagesitelanguageid>
    <powerpagesitelanguageid>526ce4d2-ae47-4a38-aa1f-6fad8fb70459</powerpagesitelanguageid>
  </powerpagesitelanguageid>
  <statecode>0</statecode>
  <statuscode>1</statuscode>
</powerpagecomponent>