<powerpagecomponent powerpagecomponentid="b52106ba-980f-4af3-a2a0-69e67868288a">
  <content>{"managecontentsnippets":false,"managesitemarkers":false,"manageweblinksets":false,"previewunpublishedentities":true}</content>
  <iscustomizable>1</iscustomizable>
  <name>Preview permission for Basic Portal</name>
  <powerpagecomponenttype>12</powerpagecomponenttype>
  <powerpagesiteid>
    <powerpagesiteid>217aef6d-14c8-41d7-912e-4d09fa09c04e</powerpagesiteid>
  </powerpagesiteid>
  <statecode>0</statecode>
  <statuscode>1</statuscode>
</powerpagecomponent>