<powerpagecomponent powerpagecomponentid="0e9305bc-a77e-4396-ba74-f57156f31921">
  <content>{"description":"Enabling this setting will show all customer activity on the portal timeline.","value":"false"}</content>
  <iscustomizable>1</iscustomizable>
  <name>CustomerSupport/DisplayAllUserActivitiesOnTimeline</name>
  <powerpagecomponenttype>9</powerpagecomponenttype>
  <powerpagesiteid>
    <powerpagesiteid>217aef6d-14c8-41d7-912e-4d09fa09c04e</powerpagesiteid>
  </powerpagesiteid>
  <statecode>0</statecode>
  <statuscode>1</statuscode>
</powerpagecomponent>