<powerpagecomponent powerpagecomponentid="6c5e8423-0622-4c29-9e8e-ff6d5a44bc72">
  <content>{"description":"Set whether the header web template is output cached.","value":"True"}</content>
  <iscustomizable>1</iscustomizable>
  <name>Header/OutputCache/Enabled</name>
  <powerpagecomponenttype>9</powerpagecomponenttype>
  <powerpagesiteid>
    <powerpagesiteid>217aef6d-14c8-41d7-912e-4d09fa09c04e</powerpagesiteid>
  </powerpagesiteid>
  <statecode>0</statecode>
  <statuscode>1</statuscode>
</powerpagecomponent>