<powerpagecomponent powerpagecomponentid="d16946f0-c9d8-4821-8da7-3642c44f291c">
  <content>{"display_name":"Search/Facet/Product","type":756150000,"value":"Products"}</content>
  <iscustomizable>1</iscustomizable>
  <name>Search/Facet/Product</name>
  <powerpagecomponenttype>7</powerpagecomponenttype>
  <powerpagesiteid>
    <powerpagesiteid>217aef6d-14c8-41d7-912e-4d09fa09c04e</powerpagesiteid>
  </powerpagesiteid>
  <powerpagesitelanguageid>
    <powerpagesitelanguageid>526ce4d2-ae47-4a38-aa1f-6fad8fb70459</powerpagesitelanguageid>
  </powerpagesitelanguageid>
  <statecode>0</statecode>
  <statuscode>1</statuscode>
</powerpagecomponent>