<powerpagecomponent powerpagecomponentid="4dd08669-e9a8-44b4-9f86-1cd16c64cc2d">
  <content>{"contentdisposition":756150000,"displayorder":109,"enabletracking":false,"excludefromsearch":true,"hiddenfromsitemap":false,"parentpageid":"961112bb-612e-4046-88a4-f27ee8e0353b","partialurl":"portalbasictheme.css","publishingstateid":"ca7128c0-711a-422a-83bf-714e16df13ee"}</content>
  <filecontent mimetype="text/css">portalbasictheme.css</filecontent>
  <iscustomizable>1</iscustomizable>
  <name>portalbasictheme.css</name>
  <powerpagecomponenttype>3</powerpagecomponenttype>
  <powerpagesiteid>
    <powerpagesiteid>217aef6d-14c8-41d7-912e-4d09fa09c04e</powerpagesiteid>
  </powerpagesiteid>
  <statecode>0</statecode>
  <statuscode>1</statuscode>
</powerpagecomponent>