<powerpagecomponent powerpagecomponentid="5644bbc8-ad57-4f1f-9df1-ef966e0ef666">
  <content>{"display_name":"Search/Facet/Sort Order/Views","type":756150000,"value":"View Count"}</content>
  <iscustomizable>1</iscustomizable>
  <name>Search/Facet/SortOrder/Views</name>
  <powerpagecomponenttype>7</powerpagecomponenttype>
  <powerpagesiteid>
    <powerpagesiteid>217aef6d-14c8-41d7-912e-4d09fa09c04e</powerpagesiteid>
  </powerpagesiteid>
  <powerpagesitelanguageid>
    <powerpagesitelanguageid>526ce4d2-ae47-4a38-aa1f-6fad8fb70459</powerpagesitelanguageid>
  </powerpagesitelanguageid>
  <statecode>0</statecode>
  <statuscode>1</statuscode>
</powerpagecomponent>