<powerpagecomponent powerpagecomponentid="5fbfb3d7-f08b-4188-94f9-e89c1eca9e20">
  <content>{"entityname":"adx_webpage","isdefault":false,"rewriteurl":"~/Pages/Profile.aspx","type":756150000,"usewebsiteheaderandfooter":true}</content>
  <iscustomizable>1</iscustomizable>
  <name>Profile</name>
  <powerpagecomponenttype>6</powerpagecomponenttype>
  <powerpagesiteid>
    <powerpagesiteid>217aef6d-14c8-41d7-912e-4d09fa09c04e</powerpagesiteid>
  </powerpagesiteid>
  <statecode>0</statecode>
  <statuscode>1</statuscode>
</powerpagecomponent>