<powerpagecomponent powerpagecomponentid="d7cecd15-9f76-4214-9f03-26c23a160ff6">
  <content>{"enablerating":false,"enabletracking":false,"excludefromsearch":false,"feedbackpolicy":756150000,"hiddenfromsitemap":true,"isroot":false,"pagetemplateid":"1fdc348c-c9fd-4563-bb40-efce1b9a622d","parentpageid":"961112bb-612e-4046-88a4-f27ee8e0353b","partialurl":"search","publishingstateid":"ca7128c0-711a-422a-83bf-714e16df13ee","rootwebpageid":"0cac5343-5b4d-4cbb-a5a1-f9a014a91858","sharedpageconfiguration":false}</content>
  <iscustomizable>1</iscustomizable>
  <name>Search</name>
  <powerpagecomponenttype>2</powerpagecomponenttype>
  <powerpagesiteid>
    <powerpagesiteid>217aef6d-14c8-41d7-912e-4d09fa09c04e</powerpagesiteid>
  </powerpagesiteid>
  <powerpagesitelanguageid>
    <powerpagesitelanguageid>526ce4d2-ae47-4a38-aa1f-6fad8fb70459</powerpagesitelanguageid>
  </powerpagesitelanguageid>
  <searchcontent>Search</searchcontent>
  <statecode>0</statecode>
  <statuscode>1</statuscode>
</powerpagecomponent>