<powerpagecomponent powerpagecomponentid="b1635c12-8870-4180-9474-1822aee8c820">
  <content>{"disablepagevalidation":false,"displayimageonly":false,"displayorder":1,"displaypagechildlinks":false,"openinnewwindow":false,"pageid":"154622df-79c0-4258-8f61-d3c8dce7ee08","parentweblinkid":"7ed6a37b-f9ce-4e50-ad33-da46f13c8cca","publishingstateid":"ca7128c0-711a-422a-83bf-714e16df13ee","robotsfollowlink":true,"weblinksetid":"57a31669-8ec2-461f-be33-d15c5ab6910b"}</content>
  <iscustomizable>1</iscustomizable>
  <name>Subpage 1</name>
  <powerpagecomponenttype>5</powerpagecomponenttype>
  <powerpagesiteid>
    <powerpagesiteid>217aef6d-14c8-41d7-912e-4d09fa09c04e</powerpagesiteid>
  </powerpagesiteid>
  <statecode>0</statecode>
  <statuscode>1</statuscode>
</powerpagecomponent>