<powerpagecomponent powerpagecomponentid="70b2fbf6-1aab-4e36-a962-729aba84308a">
  <content>{"display_name":"Search/Facet/Less","type":756150000,"value":"Show less"}</content>
  <iscustomizable>1</iscustomizable>
  <name>Search/Facet/Less</name>
  <powerpagecomponenttype>7</powerpagecomponenttype>
  <powerpagesiteid>
    <powerpagesiteid>217aef6d-14c8-41d7-912e-4d09fa09c04e</powerpagesiteid>
  </powerpagesiteid>
  <powerpagesitelanguageid>
    <powerpagesitelanguageid>526ce4d2-ae47-4a38-aa1f-6fad8fb70459</powerpagesitelanguageid>
  </powerpagesitelanguageid>
  <statecode>0</statecode>
  <statuscode>1</statuscode>
</powerpagecomponent>