<powerpagecomponent powerpagecomponentid="ac00b3ab-61a7-41b8-af1a-28b098fc441b">
  <content>{"description":"Set whether the footer web template is output cached.","value":"True"}</content>
  <iscustomizable>1</iscustomizable>
  <name>Footer/OutputCache/Enabled</name>
  <powerpagecomponenttype>9</powerpagecomponenttype>
  <powerpagesiteid>
    <powerpagesiteid>217aef6d-14c8-41d7-912e-4d09fa09c04e</powerpagesiteid>
  </powerpagesiteid>
  <statecode>0</statecode>
  <statuscode>1</statuscode>
</powerpagecomponent>