<powerpagecomponent powerpagecomponentid="bfd7e480-8825-4eb8-805e-3eefb8998095">
  <content>{"source":"{% assign page_type = page_type %}\r\n\r\n&lt;div class=\"tabs-header\" id=\"mainContent\"&gt;\r\n  &lt;ul class=\"nav nav-tabs\"&gt;\r\n    {% if page_type == 'topic' %}\r\n      &lt;li role=\"presentation\"&gt;\r\n        &lt;a title=\"{{ page.parent.title }}\" href=\"{{ page.parent.url }}\"&gt;{{ page.parent.title }}&lt;/a&gt;\r\n      &lt;/li&gt;\r\n      {% for child in page.parent.children %}\r\n        {% if child.title == page.title %}\r\n          &lt;li role=\"presentation\" class=\"active\"&gt;\r\n            &lt;a title=\"{{ page.title }}\" href=\"{{ page.url }}\"&gt;{{ page.title }}&lt;/a&gt;\r\n          &lt;/li&gt;\r\n        {% else %}\r\n        &lt;li role=\"presentation\"&gt;\r\n          &lt;a title=\"{{ child.title }}\" href=\"{{ child.url }}\"&gt;{{ child.title }}&lt;/a&gt;\r\n        &lt;/li&gt;\r\n        {% endif %}\r\n      {% endfor %}\r\n    {% else %}\r\n      &lt;li role=\"presentation\" class=\"active\"&gt;\r\n        &lt;a title=\"{{ page.title }}\" href=\"{{ page.url }}\"&gt;{{ page.title }}&lt;/a&gt;\r\n      &lt;/li&gt;\r\n      {% for child in page.children %}\r\n        &lt;li role=\"presentation\"&gt;\r\n          &lt;a title=\"{{ child.title }}\" href=\"{{ child.url }}\"&gt;{{ child.title }}&lt;/a&gt;\r\n        &lt;/li&gt;\r\n      {% endfor %}\r\n    {% endif %}\r\n  &lt;/ul&gt;\r\n&lt;/div&gt;"}</content>
  <iscustomizable>1</iscustomizable>
  <name>Tab Header</name>
  <powerpagecomponenttype>8</powerpagecomponenttype>
  <powerpagesiteid>
    <powerpagesiteid>217aef6d-14c8-41d7-912e-4d09fa09c04e</powerpagesiteid>
  </powerpagesiteid>
  <statecode>0</statecode>
  <statuscode>1</statuscode>
</powerpagecomponent>