<powerpagecomponent powerpagecomponentid="3a6f2b7b-f962-415a-98dc-2d2ad34c3e3a">
  <content>{"source":"&lt;div class=\"wrapper-body\"&gt;\r\n    &lt;div class=\"container\" role=\"main\"&gt;\r\n        &lt;div class=\"page-heading\"&gt;\r\n            {% block breadcrumbs %}\r\n            {% include 'Breadcrumbs' %}\r\n            {% endblock %}\r\n            {% block title %}\r\n            {% include 'Page Header' %}\r\n            {% endblock %}\r\n        &lt;/div&gt;\r\n    &lt;/div&gt;\r\n    &lt;div id=\"mainContent\"&gt;\r\n    {% block main %}\r\n    {% include 'Page Copy' %}\r\n    {% endblock %}\r\n    &lt;/div&gt;\r\n    &lt;div class=\"push\"&gt;&lt;/div&gt;\r\n&lt;/div&gt;"}</content>
  <iscustomizable>1</iscustomizable>
  <name>Full Page without Child Links</name>
  <powerpagecomponenttype>8</powerpagecomponenttype>
  <powerpagesiteid>
    <powerpagesiteid>217aef6d-14c8-41d7-912e-4d09fa09c04e</powerpagesiteid>
  </powerpagesiteid>
  <statecode>0</statecode>
  <statuscode>1</statuscode>
</powerpagecomponent>