<powerpagecomponent powerpagecomponentid="9930ae50-ff61-4228-8e08-040a64da7d55">
  <content>{"contentdisposition":756150000,"enabletracking":false,"excludefromsearch":false,"hiddenfromsitemap":false,"parentpageid":"961112bb-612e-4046-88a4-f27ee8e0353b","partialurl":"OfflinePage.png","publishingstateid":"ca7128c0-711a-422a-83bf-714e16df13ee"}</content>
  <filecontent mimetype="application/octet-stream">OfflinePage.png</filecontent>
  <iscustomizable>1</iscustomizable>
  <name>OfflinePage.png</name>
  <powerpagecomponenttype>3</powerpagecomponenttype>
  <powerpagesiteid>
    <powerpagesiteid>217aef6d-14c8-41d7-912e-4d09fa09c04e</powerpagesiteid>
  </powerpagesiteid>
  <statecode>0</statecode>
  <statuscode>1</statuscode>
</powerpagecomponent>