<powerpagecomponent powerpagecomponentid="66adda2f-1874-4cee-90fd-bb0f802bcb7c">
  <content>{"source":"{% unless placement %}\r\n  {% if id %}\r\n    {% assign placement = polls.placements[id] %}\r\n  {% elsif name %}\r\n    {% assign placement = polls.placements[name] %}\r\n  {% endif %}\r\n{% endunless %}\r\n\r\n{% if placement %}\r\n&lt;div class=\"poll\" data-url=\"{{ placement.random_url | h }}\" data-submit-url=\"{{ placement.submit_url | h }}\"&gt;&lt;/div&gt;\r\n{% endif %}"}</content>
  <iscustomizable>1</iscustomizable>
  <name>Random Poll</name>
  <powerpagecomponenttype>8</powerpagecomponenttype>
  <powerpagesiteid>
    <powerpagesiteid>217aef6d-14c8-41d7-912e-4d09fa09c04e</powerpagesiteid>
  </powerpagesiteid>
  <statecode>0</statecode>
  <statuscode>1</statuscode>
</powerpagecomponent>