<powerpagesites>
  <powerpagesite powerpagesiteid="217aef6d-14c8-41d7-912e-4d09fa09c04e">
    <content>{"defaultlanguage":"526ce4d2-ae47-4a38-aa1f-6fad8fb70459","footerwebtemplateid":"c024d7a4-fc67-4cfe-bb90-028a09970d7f","headerwebtemplateid":"c3cc4732-dbe9-4990-b76e-e11c3cf39f1e","statecode":0,"statuscode":1,"website_language":1033}</content>
    <datamodelversion>2.0</datamodelversion>
    <iscustomizable>1</iscustomizable>
    <name>GDH4G2023 - gdh4g2023</name>
    <primarydomainname>gdh4g2023.powerappsportals.com</primarydomainname>
    <statecode>0</statecode>
    <statuscode>1</statuscode>
  </powerpagesite>
</powerpagesites>