<powerpagesitelanguages>
  <powerpagesitelanguage powerpagesitelanguageid="526ce4d2-ae47-4a38-aa1f-6fad8fb70459">
    <content>{"publishingstate":"ca7128c0-711a-422a-83bf-714e16df13ee","systemlanguage":1033}</content>
    <displayname>English</displayname>
    <iscustomizable>1</iscustomizable>
    <languagecode>en-US</languagecode>
    <lcid>1033</lcid>
    <name>English</name>
    <powerpagesiteid>
      <powerpagesiteid>217aef6d-14c8-41d7-912e-4d09fa09c04e</powerpagesiteid>
    </powerpagesiteid>
    <statecode>0</statecode>
    <statuscode>1</statuscode>
  </powerpagesitelanguage>
</powerpagesitelanguages>