<powerpagecomponent powerpagecomponentid="f4262548-2495-4b43-8aef-063dc8a1b6fc">
  <content>{"display_name":"Search/Facet/Modified Date","type":756150000,"value":"Modified date"}</content>
  <iscustomizable>1</iscustomizable>
  <name>Search/Facet/ModifiedDate</name>
  <powerpagecomponenttype>7</powerpagecomponenttype>
  <powerpagesiteid>
    <powerpagesiteid>217aef6d-14c8-41d7-912e-4d09fa09c04e</powerpagesiteid>
  </powerpagesiteid>
  <powerpagesitelanguageid>
    <powerpagesitelanguageid>526ce4d2-ae47-4a38-aa1f-6fad8fb70459</powerpagesitelanguageid>
  </powerpagesitelanguageid>
  <statecode>0</statecode>
  <statuscode>1</statuscode>
</powerpagecomponent>