<powerpagecomponent powerpagecomponentid="acf3ba3c-6c84-4ad6-96db-ecf12da59b3c">
  <content>{"description":"Used to group a set of entities under an entry in the record type facet view.","value":"Downloads:annotation,adx_webfile"}</content>
  <iscustomizable>1</iscustomizable>
  <name>Search/RecordTypeFacetsEntities</name>
  <powerpagecomponenttype>9</powerpagecomponenttype>
  <powerpagesiteid>
    <powerpagesiteid>217aef6d-14c8-41d7-912e-4d09fa09c04e</powerpagesiteid>
  </powerpagesiteid>
  <statecode>0</statecode>
  <statuscode>1</statuscode>
</powerpagecomponent>