<powerpagecomponent powerpagecomponentid="027397d8-26ca-46cf-ba79-ac7e31946b83">
  <content>{"description":"Sets whether or not the portal can redirect the user to the profile page after successful sign-in. By default, it is set to true.","value":"true"}</content>
  <iscustomizable>1</iscustomizable>
  <name>Authentication/Registration/ProfileRedirectEnabled</name>
  <powerpagecomponenttype>9</powerpagecomponenttype>
  <powerpagesiteid>
    <powerpagesiteid>217aef6d-14c8-41d7-912e-4d09fa09c04e</powerpagesiteid>
  </powerpagesiteid>
  <statecode>0</statecode>
  <statuscode>1</statuscode>
</powerpagecomponent>