<powerpagecomponent powerpagecomponentid="0c44ef50-4151-4b72-9785-bc8f23ba0b4b">
  <content>{"copy":"&lt;div class=\"row sectionBlockLayout\" style=\"display: flex; flex-wrap: wrap; text-align: left; min-height: 150px; padding: 8px; margin: 0px;\"&gt;\r\n   &lt;div class=\"container\" style=\"display: flex; flex-wrap: wrap;\"&gt;\r\n     &lt;div class=\"col-md-12 columnBlockLayout\" style=\"flex-grow: 1; min-width: 300px; display: flex; flex-direction: column; margin: 50px 0px;\"&gt;\r\n       &lt;h1 style=\"font-size: 28px; margin: 0px auto 7px; font-family: 'Segoe UI'; line-height: 37px; color: rgb(0, 0, 0); outline: rgb(255, 255, 255) solid 1.5px; text-align: center;\"&gt;\r\n         You’re not connected to the internet\r\n       &lt;/h1&gt;\r\n       &lt;p style=\"text-align: center;\"&gt;&lt;span style=\"font-family: 'Segoe UI'; font-size: 14px; text-align: center; position: relative;\"&gt;\r\n     Check your connection settings to browse this site\r\n     &lt;/span&gt;&lt;/p&gt;\r\n     &lt;/div&gt;\r\n   &lt;/div&gt;\r\n &lt;/div&gt;\r\n &lt;div class=\"row sectionBlockLayout text-left\" style=\"display: flex; flex-wrap: wrap; margin: 0px; min-height: auto; padding: 8px;\"&gt;\r\n   &lt;div class=\"container\" style=\"padding: 0px; display: flex; flex-wrap: wrap; column-gap: 0px;\"&gt;\r\n     &lt;div class=\"col-md-4 columnBlockLayout\" style=\"flex-grow: 1; display: flex; flex-direction: column; min-width: 300px; margin: 0px; width: calc(33.3333% - 0px);\"&gt;&lt;/div&gt;\r\n     &lt;div class=\"col-md-4 columnBlockLayout\" style=\"flex-grow: 1; display: flex; flex-direction: column; min-width: 300px; margin: 0px; width: calc(33.3333% - 0px);\"&gt;&lt;img src=\"/OfflinePage.png\" alt=\"\" name=\"OfflinePage.png\" style=\"width: 100%; height: auto; max-width: 100%;\"&gt;&lt;/div&gt;\r\n     &lt;div class=\"col-md-4 columnBlockLayout\" style=\"flex-grow: 1; display: flex; flex-direction: column; min-width: 300px; margin: 0px; width: calc(33.3333% - 0px);\"&gt;&lt;/div&gt;\r\n   &lt;/div&gt;\r\n &lt;/div&gt;","enablerating":false,"enabletracking":false,"excludefromsearch":false,"feedbackpolicy":756150000,"hiddenfromsitemap":false,"isroot":false,"pagetemplateid":"141440d1-42d6-40da-9604-3252bb872126","parentpageid":"961112bb-612e-4046-88a4-f27ee8e0353b","partialurl":"default-offline-page","publishingstateid":"ca7128c0-711a-422a-83bf-714e16df13ee","rootwebpageid":"7681c77f-fb87-4236-b0c4-61388b216ca9","sharedpageconfiguration":true,"summary":"&lt;p&gt;Offline error page&lt;/p&gt;","title":"Default Offline Page"}</content>
  <iscustomizable>1</iscustomizable>
  <name>Default Offline Page</name>
  <powerpagecomponenttype>2</powerpagecomponenttype>
  <powerpagesiteid>
    <powerpagesiteid>217aef6d-14c8-41d7-912e-4d09fa09c04e</powerpagesiteid>
  </powerpagesiteid>
  <powerpagesitelanguageid>
    <powerpagesitelanguageid>526ce4d2-ae47-4a38-aa1f-6fad8fb70459</powerpagesitelanguageid>
  </powerpagesitelanguageid>
  <searchcontent>Default Offline Page&lt;div class="row sectionBlockLayout" style="display: flex; flex-wrap: wrap; text-align: left; min-height: 150px; padding: 8px; margin: 0px;"&gt;
   &lt;div class="container" style="display: flex; flex-wrap: wrap;"&gt;
     &lt;div class="col-md-12 columnBlockLayout" style="flex-grow: 1; min-width: 300px; display: flex; flex-direction: column; margin: 50px 0px;"&gt;
       &lt;h1 style="font-size: 28px; margin: 0px auto 7px; font-family: 'Segoe UI'; line-height: 37px; color: rgb(0, 0, 0); outline: rgb(255, 255, 255) solid 1.5px; text-align: center;"&gt;
         You’re not connected to the internet
       &lt;/h1&gt;
       &lt;p style="text-align: center;"&gt;&lt;span style="font-family: 'Segoe UI'; font-size: 14px; text-align: center; position: relative;"&gt;
     Check your connection settings to browse this site
     &lt;/span&gt;&lt;/p&gt;
     &lt;/div&gt;
   &lt;/div&gt;
 &lt;/div&gt;
 &lt;div class="row sectionBlockLayout text-left" style="display: flex; flex-wrap: wrap; margin: 0px; min-height: auto; padding: 8px;"&gt;
   &lt;div class="container" style="padding: 0px; display: flex; flex-wrap: wrap; column-gap: 0px;"&gt;
     &lt;div class="col-md-4 columnBlockLayout" style="flex-grow: 1; display: flex; flex-direction: column; min-width: 300px; margin: 0px; width: calc(33.3333% - 0px);"&gt;&lt;/div&gt;
     &lt;div class="col-md-4 columnBlockLayout" style="flex-grow: 1; display: flex; flex-direction: column; min-width: 300px; margin: 0px; width: calc(33.3333% - 0px);"&gt;&lt;img src="/OfflinePage.png" alt="" name="OfflinePage.png" style="width: 100%; height: auto; max-width: 100%;"&gt;&lt;/div&gt;
     &lt;div class="col-md-4 columnBlockLayout" style="flex-grow: 1; display: flex; flex-direction: column; min-width: 300px; margin: 0px; width: calc(33.3333% - 0px);"&gt;&lt;/div&gt;
   &lt;/div&gt;
 &lt;/div&gt;Default Offline Page</searchcontent>
  <statecode>0</statecode>
  <statuscode>1</statuscode>
</powerpagecomponent>