<powerpagecomponent powerpagecomponentid="c436c8ce-44fc-4d3e-82d8-1ba600998696">
  <content>{"display_name":"Home/Title","type":756150000,"value":"Welcome to your website!"}</content>
  <iscustomizable>1</iscustomizable>
  <name>Home/Title</name>
  <powerpagecomponenttype>7</powerpagecomponenttype>
  <powerpagesiteid>
    <powerpagesiteid>217aef6d-14c8-41d7-912e-4d09fa09c04e</powerpagesiteid>
  </powerpagesiteid>
  <powerpagesitelanguageid>
    <powerpagesitelanguageid>526ce4d2-ae47-4a38-aa1f-6fad8fb70459</powerpagesitelanguageid>
  </powerpagesitelanguageid>
  <statecode>0</statecode>
  <statuscode>1</statuscode>
</powerpagecomponent>