<powerpagecomponent powerpagecomponentid="c66d7ed1-7f49-40f7-a11a-753f232baab0">
  <content>{"entityname":"adx_webpage","isdefault":false,"rewriteurl":"~/Pages/FullPage.aspx","type":756150000,"usewebsiteheaderandfooter":true}</content>
  <iscustomizable>1</iscustomizable>
  <name>Full Page</name>
  <powerpagecomponenttype>6</powerpagecomponenttype>
  <powerpagesiteid>
    <powerpagesiteid>217aef6d-14c8-41d7-912e-4d09fa09c04e</powerpagesiteid>
  </powerpagesiteid>
  <statecode>0</statecode>
  <statuscode>1</statuscode>
</powerpagecomponent>