<powerpagecomponent powerpagecomponentid="b1e704f3-00e2-4d97-b6e9-70224dd10fd9">
  <content>{"adx_pollplacement_poll":["8e4e9b51-f736-ec11-8c63-000d3a3adc33","944e9b51-f736-ec11-8c63-000d3a3adc33","984e9b51-f736-ec11-8c63-000d3a3adc33","9d4e9b51-f736-ec11-8c63-000d3a3adc33"]}</content>
  <iscustomizable>1</iscustomizable>
  <name>Home</name>
  <powerpagecomponenttype>24</powerpagecomponenttype>
  <powerpagesiteid>
    <powerpagesiteid>217aef6d-14c8-41d7-912e-4d09fa09c04e</powerpagesiteid>
  </powerpagesiteid>
  <statecode>0</statecode>
  <statuscode>1</statuscode>
</powerpagecomponent>