<powerpagecomponent powerpagecomponentid="61cbd0e8-ad6c-441b-9f26-843d0f50f7da">
  <content>{"source":"&lt;div class=\"container\"&gt;\r &lt;div class=\"page-heading\"&gt;\r  {% block breadcrumbs %}\r      {% include 'Breadcrumbs' %}\r    {% endblock %}\r  {% block title %}\r    {% include 'Page Header' %}\r  {% endblock %}\r &lt;/div&gt;\r &lt;div class=\"row\"&gt;\r  &lt;div class=\"col-sm-8 col-lg-8 left-column\"&gt;\r   {% block main %}\r    {% include 'Page Copy' %}\r   {% endblock %}\r  &lt;/div&gt;\r  &lt;div class=\"col-sm-4 col-lg-4 right-column\"&gt;\r   {% block aside %}{% endblock %}\r  &lt;/div&gt;\r &lt;/div&gt;\r&lt;/div&gt;"}</content>
  <iscustomizable>1</iscustomizable>
  <name>Layout 2 Column Wide Left</name>
  <powerpagecomponenttype>8</powerpagecomponenttype>
  <powerpagesiteid>
    <powerpagesiteid>217aef6d-14c8-41d7-912e-4d09fa09c04e</powerpagesiteid>
  </powerpagesiteid>
  <statecode>0</statecode>
  <statuscode>1</statuscode>
</powerpagecomponent>