<powerpagecomponent powerpagecomponentid="8eb0c5ca-5b1c-4795-9625-5fddfade5e73">
  <content>{"display_name":"Footer","type":756150001,"value":"&lt;p class=\"smallText\"&gt;Copyright © &lt;/p&gt;\r\n&lt;p class=\"smallText\"&gt;{{ now | date: 'yyyy' }}&lt;/p&gt;\r\n&lt;p class=\"smallText\"&gt;. All rights reserved.&lt;/p&gt;"}</content>
  <iscustomizable>1</iscustomizable>
  <name>Footer</name>
  <powerpagecomponenttype>7</powerpagecomponenttype>
  <powerpagesiteid>
    <powerpagesiteid>217aef6d-14c8-41d7-912e-4d09fa09c04e</powerpagesiteid>
  </powerpagesiteid>
  <powerpagesitelanguageid>
    <powerpagesitelanguageid>526ce4d2-ae47-4a38-aa1f-6fad8fb70459</powerpagesitelanguageid>
  </powerpagesitelanguageid>
  <statecode>0</statecode>
  <statuscode>1</statuscode>
</powerpagecomponent>