<powerpagecomponent powerpagecomponentid="e0cdcd52-4c5f-421b-a854-20e1e388a710">
  <content>{"display_name":"Primary Navigation","publishingstateid":"ca7128c0-711a-422a-83bf-714e16df13ee"}</content>
  <iscustomizable>1</iscustomizable>
  <name>Primary Navigation</name>
  <powerpagecomponenttype>4</powerpagecomponenttype>
  <powerpagesiteid>
    <powerpagesiteid>217aef6d-14c8-41d7-912e-4d09fa09c04e</powerpagesiteid>
  </powerpagesiteid>
  <powerpagesitelanguageid>
    <powerpagesitelanguageid>526ce4d2-ae47-4a38-aa1f-6fad8fb70459</powerpagesitelanguageid>
  </powerpagesitelanguageid>
  <statecode>0</statecode>
  <statuscode>1</statuscode>
</powerpagecomponent>