<powerpagecomponent powerpagecomponentid="9439fb03-445d-4aba-9dba-3102324ba756">
  <content>{"display_name":"Secondary Navigation","publishingstateid":"ca7128c0-711a-422a-83bf-714e16df13ee"}</content>
  <iscustomizable>1</iscustomizable>
  <name>Secondary Navigation</name>
  <powerpagecomponenttype>4</powerpagecomponenttype>
  <powerpagesiteid>
    <powerpagesiteid>217aef6d-14c8-41d7-912e-4d09fa09c04e</powerpagesiteid>
  </powerpagesiteid>
  <powerpagesitelanguageid>
    <powerpagesitelanguageid>526ce4d2-ae47-4a38-aa1f-6fad8fb70459</powerpagesitelanguageid>
  </powerpagesitelanguageid>
  <statecode>0</statecode>
  <statuscode>1</statuscode>
</powerpagecomponent>