<powerpagecomponent powerpagecomponentid="a8ed3c41-998e-466a-ba9f-23b11b6aa6a1">
  <content>{"source":"&lt;div class=\"page-copy\"&gt;\r {% editable page 'adx_copy' type: 'html', liquid: true %}\r&lt;/div&gt;"}</content>
  <iscustomizable>1</iscustomizable>
  <name>Page Copy</name>
  <powerpagecomponenttype>8</powerpagecomponenttype>
  <powerpagesiteid>
    <powerpagesiteid>217aef6d-14c8-41d7-912e-4d09fa09c04e</powerpagesiteid>
  </powerpagesiteid>
  <statecode>0</statecode>
  <statuscode>1</statuscode>
</powerpagecomponent>