<powerpagecomponent powerpagecomponentid="72cee782-7ca8-4b05-9d38-2ca4a2d04045">
  <content>{"disablepagevalidation":false,"displayimageonly":false,"displayorder":3,"displaypagechildlinks":false,"openinnewwindow":false,"pageid":"a063d889-2a7e-4bd3-88cc-e28a8fe4ac27","publishingstateid":"ca7128c0-711a-422a-83bf-714e16df13ee","robotsfollowlink":true,"weblinksetid":"57a31669-8ec2-461f-be33-d15c5ab6910b"}</content>
  <iscustomizable>1</iscustomizable>
  <name>Contact us</name>
  <powerpagecomponenttype>5</powerpagecomponenttype>
  <powerpagesiteid>
    <powerpagesiteid>217aef6d-14c8-41d7-912e-4d09fa09c04e</powerpagesiteid>
  </powerpagesiteid>
  <statecode>0</statecode>
  <statuscode>1</statuscode>
</powerpagecomponent>