<powerpagecomponent powerpagecomponentid="fb4fd39b-9bfe-4f15-8978-12c48c0f9b4b">
  <content>{"enablerating":false,"enabletracking":false,"excludefromsearch":true,"feedbackpolicy":756150000,"hiddenfromsitemap":true,"isroot":true,"pagetemplateid":"141440d1-42d6-40da-9604-3252bb872126","parentpageid":"961112bb-612e-4046-88a4-f27ee8e0353b","partialurl":"access-denied","publishingstateid":"ca7128c0-711a-422a-83bf-714e16df13ee","sharedpageconfiguration":false}</content>
  <iscustomizable>1</iscustomizable>
  <name>Access Denied</name>
  <powerpagecomponenttype>2</powerpagecomponenttype>
  <powerpagesiteid>
    <powerpagesiteid>217aef6d-14c8-41d7-912e-4d09fa09c04e</powerpagesiteid>
  </powerpagesiteid>
  <searchcontent>Access Denied</searchcontent>
  <statecode>0</statecode>
  <statuscode>1</statuscode>
</powerpagecomponent>