<powerpagecomponent powerpagecomponentid="8501e77c-a70b-459b-87a8-d123ebdd72bb">
  <content>{"adddescription":false,"attributelogicalname":"adx_contactemail","descriptionposition":100000000,"entityform":"eb6a0ff2-def4-4c6d-9707-e29ca0da0f26","fieldisrequired":true,"ignoredefaultvalue":false,"onsavetype":100000000,"randomizeoptionsetvalues":false,"setvalueonsave":false,"type":100000000,"useattributedescriptionproperty":true}</content>
  <iscustomizable>1</iscustomizable>
  <name>simple contact us form adx_contactemail</name>
  <powerpagecomponenttype>16</powerpagecomponenttype>
  <powerpagesiteid>
    <powerpagesiteid>217aef6d-14c8-41d7-912e-4d09fa09c04e</powerpagesiteid>
  </powerpagesiteid>
  <statecode>0</statecode>
  <statuscode>1</statuscode>
</powerpagecomponent>