<powerpagecomponent powerpagecomponentid="671118ca-6f8c-46b3-ab82-aa92ae80bb14">
  <content>{"disablepagevalidation":false,"displayimageonly":false,"displayorder":2,"displaypagechildlinks":false,"openinnewwindow":false,"pageid":"6926a5b1-67c9-4a5b-963d-4ec90fc18ba2","parentweblinkid":"7ed6a37b-f9ce-4e50-ad33-da46f13c8cca","publishingstateid":"ca7128c0-711a-422a-83bf-714e16df13ee","robotsfollowlink":true,"weblinksetid":"57a31669-8ec2-461f-be33-d15c5ab6910b"}</content>
  <iscustomizable>1</iscustomizable>
  <name>Subpage 2</name>
  <powerpagecomponenttype>5</powerpagecomponenttype>
  <powerpagesiteid>
    <powerpagesiteid>217aef6d-14c8-41d7-912e-4d09fa09c04e</powerpagesiteid>
  </powerpagesiteid>
  <statecode>0</statecode>
  <statuscode>1</statuscode>
</powerpagecomponent>