<powerpagecomponent powerpagecomponentid="76a41ebc-6f24-4d23-9109-c7e644686394">
  <content>{"copy":"&lt;h4&gt;About Starter Portal&lt;/h4&gt;&lt;p&gt;This site uses sample data and text, please update as per your requirement.&lt;/p&gt;","display_name":"Footer","publishingstateid":"ca7128c0-711a-422a-83bf-714e16df13ee"}</content>
  <iscustomizable>1</iscustomizable>
  <name>Footer</name>
  <powerpagecomponenttype>4</powerpagecomponenttype>
  <powerpagesiteid>
    <powerpagesiteid>217aef6d-14c8-41d7-912e-4d09fa09c04e</powerpagesiteid>
  </powerpagesiteid>
  <powerpagesitelanguageid>
    <powerpagesitelanguageid>526ce4d2-ae47-4a38-aa1f-6fad8fb70459</powerpagesitelanguageid>
  </powerpagesitelanguageid>
  <statecode>0</statecode>
  <statuscode>1</statuscode>
</powerpagecomponent>