<powerpagecomponent powerpagecomponentid="ad9f87be-1bbb-4146-ba14-76d81685ff2d">
  <content>{"display_name":"Home/Subtitle","type":756150000,"value":"This is  sample landing page for you to start building your website."}</content>
  <iscustomizable>1</iscustomizable>
  <name>Home/Subtitle</name>
  <powerpagecomponenttype>7</powerpagecomponenttype>
  <powerpagesiteid>
    <powerpagesiteid>217aef6d-14c8-41d7-912e-4d09fa09c04e</powerpagesiteid>
  </powerpagesiteid>
  <powerpagesitelanguageid>
    <powerpagesitelanguageid>526ce4d2-ae47-4a38-aa1f-6fad8fb70459</powerpagesitelanguageid>
  </powerpagesitelanguageid>
  <statecode>0</statecode>
  <statuscode>1</statuscode>
</powerpagecomponent>