<powerpagecomponent powerpagecomponentid="ba5c82d4-f511-4302-80dc-b4d170d9580d">
  <content>{"description":"Denies use of the portal to minors without parental consent. By default, it is set to false.","value":"false"}</content>
  <iscustomizable>1</iscustomizable>
  <name>Authentication/Registration/DenyMinorsWithoutParentalConsent</name>
  <powerpagecomponenttype>9</powerpagecomponenttype>
  <powerpagesiteid>
    <powerpagesiteid>217aef6d-14c8-41d7-912e-4d09fa09c04e</powerpagesiteid>
  </powerpagesiteid>
  <statecode>0</statecode>
  <statuscode>1</statuscode>
</powerpagecomponent>