<powerpagecomponent powerpagecomponentid="2baff125-35a1-4430-80b6-1d32c1921378">
  <content>{"display_name":"Header/Search/ToolTip","type":756150000,"value":"Search"}</content>
  <iscustomizable>1</iscustomizable>
  <name>Header/Search/ToolTip</name>
  <powerpagecomponenttype>7</powerpagecomponenttype>
  <powerpagesiteid>
    <powerpagesiteid>217aef6d-14c8-41d7-912e-4d09fa09c04e</powerpagesiteid>
  </powerpagesiteid>
  <powerpagesitelanguageid>
    <powerpagesitelanguageid>526ce4d2-ae47-4a38-aa1f-6fad8fb70459</powerpagesitelanguageid>
  </powerpagesitelanguageid>
  <statecode>0</statecode>
  <statuscode>1</statuscode>
</powerpagecomponent>