<powerpagecomponent powerpagecomponentid="f0752890-4d0c-4421-8422-ac707dbfd0f9">
  <content>{"disablepagevalidation":false,"displayimageonly":false,"displayorder":1,"displaypagechildlinks":false,"openinnewwindow":false,"pageid":"154622df-79c0-4258-8f61-d3c8dce7ee08","parentweblinkid":"8d9468f0-c745-45b1-97f3-a7820876b415","publishingstateid":"ca7128c0-711a-422a-83bf-714e16df13ee","robotsfollowlink":true,"weblinksetid":"e0cdcd52-4c5f-421b-a854-20e1e388a710"}</content>
  <iscustomizable>1</iscustomizable>
  <name>Subpage 1</name>
  <powerpagecomponenttype>5</powerpagecomponenttype>
  <powerpagesiteid>
    <powerpagesiteid>217aef6d-14c8-41d7-912e-4d09fa09c04e</powerpagesiteid>
  </powerpagesiteid>
  <statecode>0</statecode>
  <statuscode>1</statuscode>
</powerpagecomponent>