<powerpagecomponent powerpagecomponentid="22b5d6e6-4df9-4db8-9f63-de132cdbf8c8">
  <content>{"contentdisposition":756150000,"displayorder":9,"enabletracking":false,"excludefromsearch":true,"hiddenfromsitemap":true,"parentpageid":"961112bb-612e-4046-88a4-f27ee8e0353b","partialurl":"bootstrap.min.css","publishingstateid":"ca7128c0-711a-422a-83bf-714e16df13ee"}</content>
  <filecontent mimetype="application/octet-stream">bootstrap.min.css</filecontent>
  <iscustomizable>1</iscustomizable>
  <name>bootstrap.min.css</name>
  <powerpagecomponenttype>3</powerpagecomponenttype>
  <powerpagesiteid>
    <powerpagesiteid>217aef6d-14c8-41d7-912e-4d09fa09c04e</powerpagesiteid>
  </powerpagesiteid>
  <statecode>0</statecode>
  <statuscode>1</statuscode>
</powerpagecomponent>