<powerpagecomponent powerpagecomponentid="0a9b4683-cf21-4d23-a1e0-c2468d97087f">
  <content>{"display_name":"Search/Facet/Record Type","type":756150000,"value":"Record Type"}</content>
  <iscustomizable>1</iscustomizable>
  <name>Search/Facet/RecordType</name>
  <powerpagecomponenttype>7</powerpagecomponenttype>
  <powerpagesiteid>
    <powerpagesiteid>217aef6d-14c8-41d7-912e-4d09fa09c04e</powerpagesiteid>
  </powerpagesiteid>
  <powerpagesitelanguageid>
    <powerpagesitelanguageid>526ce4d2-ae47-4a38-aa1f-6fad8fb70459</powerpagesitelanguageid>
  </powerpagesitelanguageid>
  <statecode>0</statecode>
  <statuscode>1</statuscode>
</powerpagecomponent>