<powerpagecomponent powerpagecomponentid="1fdc348c-c9fd-4563-bb40-efce1b9a622d">
  <content>{"entityname":"adx_webpage","isdefault":false,"rewriteurl":"~/Pages/Search.aspx","type":756150000,"usewebsiteheaderandfooter":true,"webtemplateid":"abae5053-0701-432c-a513-92dedb1c5629"}</content>
  <iscustomizable>1</iscustomizable>
  <name>Search</name>
  <powerpagecomponenttype>6</powerpagecomponenttype>
  <powerpagesiteid>
    <powerpagesiteid>217aef6d-14c8-41d7-912e-4d09fa09c04e</powerpagesiteid>
  </powerpagesiteid>
  <statecode>0</statecode>
  <statuscode>1</statuscode>
</powerpagecomponent>