<powerpagecomponent powerpagecomponentid="06165249-24d0-4273-ada1-483fb6501bee">
  <content>{"disablepagevalidation":false,"displayimageonly":false,"displayorder":4,"displaypagechildlinks":false,"openinnewwindow":false,"pageid":"a063d889-2a7e-4bd3-88cc-e28a8fe4ac27","publishingstateid":"ca7128c0-711a-422a-83bf-714e16df13ee","robotsfollowlink":true,"weblinksetid":"e0cdcd52-4c5f-421b-a854-20e1e388a710"}</content>
  <iscustomizable>1</iscustomizable>
  <name>Contact us</name>
  <powerpagecomponenttype>5</powerpagecomponenttype>
  <powerpagesiteid>
    <powerpagesiteid>217aef6d-14c8-41d7-912e-4d09fa09c04e</powerpagesiteid>
  </powerpagesiteid>
  <statecode>0</statecode>
  <statuscode>1</statuscode>
</powerpagecomponent>