<powerpagecomponent powerpagecomponentid="859bd2fb-676f-43a5-b479-799bd3aa55b4">
  <content>{"createdOn":"2023-11-05T00:07:23.503Z","parentpageid":"961112bb-612e-4046-88a4-f27ee8e0353b","publishingstateid":"ca7128c0-711a-422a-83bf-714e16df13ee","partialurl":"thumbnail.css","title":"","summary":"","enabletracking":false,"excludefromsearch":false,"hiddenfromsitemap":false,"displayorder":-1}</content>
  <filecontent mimetype="text/css">thumbnail.css</filecontent>
  <iscustomizable>1</iscustomizable>
  <name>thumbnail.css</name>
  <powerpagecomponenttype>3</powerpagecomponenttype>
  <powerpagesiteid>
    <powerpagesiteid>217aef6d-14c8-41d7-912e-4d09fa09c04e</powerpagesiteid>
  </powerpagesiteid>
  <statecode>0</statecode>
  <statuscode>1</statuscode>
</powerpagecomponent>