<powerpagecomponent powerpagecomponentid="aa6bc613-f888-41c0-9ce3-d03f0be150cb">
  <content>{"display_name":"Social Share Widget Code Page Top","type":756150000}</content>
  <iscustomizable>1</iscustomizable>
  <name>Social Share Widget Code Page Top</name>
  <powerpagecomponenttype>7</powerpagecomponenttype>
  <powerpagesiteid>
    <powerpagesiteid>217aef6d-14c8-41d7-912e-4d09fa09c04e</powerpagesiteid>
  </powerpagesiteid>
  <powerpagesitelanguageid>
    <powerpagesitelanguageid>526ce4d2-ae47-4a38-aa1f-6fad8fb70459</powerpagesitelanguageid>
  </powerpagesitelanguageid>
  <statecode>0</statecode>
  <statuscode>1</statuscode>
</powerpagecomponent>