<powerpagecomponent powerpagecomponentid="6d73e877-3030-466b-a75d-e888644fb262">
  <content>{"display_name":"Mobile Header","type":756150001,"value":"&lt;a href='~/'&gt;\r\n  {% if snippets['Logo URL'] %}&lt;img src='{{ snippets['Logo URL'] }}' alt='{{ snippets['Logo alt text'] }}' style='width: auto; height: 32px; margin: 0 10px;'&gt;{% endif %}\r\n  {% if snippets['Site name'] %}\r\n    &lt;h1 class='siteTitle'&gt;{{ snippets['Site name'] }}&lt;/h1&gt;\r\n  {% endif %}\r\n&lt;/a&gt;\r\n"}</content>
  <iscustomizable>1</iscustomizable>
  <name>Mobile Header</name>
  <powerpagecomponenttype>7</powerpagecomponenttype>
  <powerpagesiteid>
    <powerpagesiteid>217aef6d-14c8-41d7-912e-4d09fa09c04e</powerpagesiteid>
  </powerpagesiteid>
  <powerpagesitelanguageid>
    <powerpagesitelanguageid>526ce4d2-ae47-4a38-aa1f-6fad8fb70459</powerpagesitelanguageid>
  </powerpagesitelanguageid>
  <statecode>0</statecode>
  <statuscode>1</statuscode>
</powerpagecomponent>