<powerpagecomponent powerpagecomponentid="116b9131-d7cb-479a-9110-dc636e35c661">
  <content>{"description":"The amount of time the Authentication/LoginThrottling/MaxInvaildAttemptsFromIPAddress are to be within before the IP address has to wait Authentication/LoginThrottling/IpAddressTimeoutTimeSpan. Default: 00:03:00 (3 mins)","value":"00:03:00"}</content>
  <iscustomizable>1</iscustomizable>
  <name>Authentication/LoginThrottling/MaxAttemptsTimeLimitTimeSpan</name>
  <powerpagecomponenttype>9</powerpagecomponenttype>
  <powerpagesiteid>
    <powerpagesiteid>217aef6d-14c8-41d7-912e-4d09fa09c04e</powerpagesiteid>
  </powerpagesiteid>
  <statecode>0</statecode>
  <statuscode>1</statuscode>
</powerpagecomponent>