<powerpagecomponent powerpagecomponentid="13fbd692-8367-4b48-a9dd-849a8a594f0d">
  <content>{"source":"&lt;ul class=\"dropdown-menu\" role=\"menu\"&gt;\r\n  {% for language in page.languages %}\r\n    &lt;li role=\"menuitem\"&gt;\r\n      &lt;a href=\"/{{ language.url_substitution | escape }}\" title=\"{{ language.name }}\" data-code=\"{{ language.code }}\"&gt;{{ language.name }}&lt;/a&gt;\r\n    &lt;/li&gt;\r\n    {% endfor %}\r\n&lt;/ul&gt;"}</content>
  <iscustomizable>1</iscustomizable>
  <name>Languages Dropdown</name>
  <powerpagecomponenttype>8</powerpagecomponenttype>
  <powerpagesiteid>
    <powerpagesiteid>217aef6d-14c8-41d7-912e-4d09fa09c04e</powerpagesiteid>
  </powerpagesiteid>
  <statecode>0</statecode>
  <statuscode>1</statuscode>
</powerpagecomponent>