<powerpagecomponent powerpagecomponentid="ce2ce3b1-52e7-4ca2-8a91-2d9d38af7955">
  <content>{"disablepagevalidation":false,"displayimageonly":false,"displayorder":1,"displaypagechildlinks":false,"openinnewwindow":false,"pageid":"961112bb-612e-4046-88a4-f27ee8e0353b","publishingstateid":"ca7128c0-711a-422a-83bf-714e16df13ee","robotsfollowlink":true,"weblinksetid":"e0cdcd52-4c5f-421b-a854-20e1e388a710"}</content>
  <iscustomizable>1</iscustomizable>
  <name>Home</name>
  <powerpagecomponenttype>5</powerpagecomponenttype>
  <powerpagesiteid>
    <powerpagesiteid>217aef6d-14c8-41d7-912e-4d09fa09c04e</powerpagesiteid>
  </powerpagesiteid>
  <statecode>0</statecode>
  <statuscode>1</statuscode>
</powerpagecomponent>