<powerpagecomponent powerpagecomponentid="be95d9fb-c456-4b61-825d-38c8618741e6">
  <content>{"display_name":"Header/Toggle Navigation","type":756150001,"value":"Toggle navigation"}</content>
  <iscustomizable>1</iscustomizable>
  <name>Header/Toggle Navigation</name>
  <powerpagecomponenttype>7</powerpagecomponenttype>
  <powerpagesiteid>
    <powerpagesiteid>217aef6d-14c8-41d7-912e-4d09fa09c04e</powerpagesiteid>
  </powerpagesiteid>
  <powerpagesitelanguageid>
    <powerpagesitelanguageid>526ce4d2-ae47-4a38-aa1f-6fad8fb70459</powerpagesitelanguageid>
  </powerpagesitelanguageid>
  <statecode>0</statecode>
  <statuscode>1</statuscode>
</powerpagecomponent>