<powerpagecomponent powerpagecomponentid="a1912425-6887-4e2f-8642-53448d8e3fbc">
  <content>{"displayorder":2,"enablerating":false,"enabletracking":false,"excludefromsearch":false,"feedbackpolicy":756150000,"hiddenfromsitemap":false,"isroot":true,"pagetemplateid":"141440d1-42d6-40da-9604-3252bb872126","parentpageid":"961112bb-612e-4046-88a4-f27ee8e0353b","partialurl":"page","publishingstateid":"ca7128c0-711a-422a-83bf-714e16df13ee","sharedpageconfiguration":false,"title":"Pages"}</content>
  <iscustomizable>1</iscustomizable>
  <name>Pages</name>
  <powerpagecomponenttype>2</powerpagecomponenttype>
  <powerpagesiteid>
    <powerpagesiteid>217aef6d-14c8-41d7-912e-4d09fa09c04e</powerpagesiteid>
  </powerpagesiteid>
  <searchcontent>PagesPages</searchcontent>
  <statecode>0</statecode>
  <statuscode>1</statuscode>
</powerpagecomponent>