{
  "properties": {
    "connectionReferences": {
      "shared_commondataserviceforapps": {
        "runtimeSource": "embedded",
        "connection": {
          "connectionReferenceLogicalName": "new_sharedcommondataserviceforapps_d8927"
        },
        "api": {
          "name": "shared_commondataserviceforapps"
        }
      }
    },
    "definition": {
      "$schema": "https://schema.management.azure.com/providers/Microsoft.Logic/schemas/2016-06-01/workflowdefinition.json#",
      "contentVersion": "1.0.0.0",
      "parameters": {
        "$connections": {
          "defaultValue": {},
          "type": "Object"
        },
        "$authentication": {
          "defaultValue": {},
          "type": "SecureObject"
        }
      },
      "triggers": {
        "manual": {
          "metadata": {
            "operationMetadataId": "bcd8680d-ef61-452d-a03d-9e3c2e049be2"
          },
          "type": "Request",
          "kind": "PowerAppV2",
          "inputs": {
            "schema": {
              "type": "object",
              "properties": {
                "text": {
                  "title": "FormData",
                  "type": "string",
                  "x-ms-dynamically-added": true,
                  "description": "Please enter your input",
                  "x-ms-content-hint": "TEXT"
                }
              },
              "required": [
                "text"
              ]
            }
          }
        }
      },
      "actions": {
        "Add_a_new_row": {
          "runAfter": {
            "Parse_JSON": [
              "Succeeded"
            ]
          },
          "metadata": {
            "operationMetadataId": "485345b2-338f-4c91-823b-5cd0be465a6a"
          },
          "type": "OpenApiConnection",
          "inputs": {
            "host": {
              "connectionName": "shared_commondataserviceforapps",
              "operationId": "CreateRecord",
              "apiId": "/providers/Microsoft.PowerApps/apis/shared_commondataserviceforapps"
            },
            "parameters": {
              "entityName": "cr536_clients3b8dbs",
              "item/cr536_addresscity": "@body('Parse_JSON')?['City']",
              "item/cr536_addressline1": "@body('Parse_JSON')?['AddressLine1']",
              "item/cr536_addressline2": "@body('Parse_JSON')?['AddressLine2']",
              "item/cr536_addressstate": "@body('Parse_JSON')?['State']",
              "item/cr536_addresszip": "@body('Parse_JSON')?['Zip']",
              "item/cr536_casema1": "@body('Parse_JSON')?['CaseWorkerName']",
              "item/cr536_casema2": "@body('Parse_JSON')?['CaseWorkerPhone']",
              "item/cr536_childre": "@body('Parse_JSON')?['ChildrenString']",
              "item/cr536_clients": 0,
              "item/cr536_contact": "@body('Parse_JSON')?['ContactWithChild']",
              "item/cr536_current": "@body('Parse_JSON')?['ActualChildSupportAmnt']",
              "item/cr536_email": "@body('Parse_JSON')?['Email']",
              "item/cr536_emergencycontactphonenumber": "@body('Parse_JSON')?['EmergencyPhone']",
              "item/cr536_ethnicity": "@body('Parse_JSON')?['Ethnicity']",
              "item/cr536_firstna": "@body('Parse_JSON')?['FirstName']",
              "item/cr536_address": "@{body('Parse_JSON')?['AddressLine1']} @{body('Parse_JSON')?['AddressLine2']}, @{body('Parse_JSON')?['City']}, @{body('Parse_JSON')?['Zip']}",
              "item/cr536_fullnam": "@{body('Parse_JSON')?['FirstName']} @{body('Parse_JSON')?['LastName']}",
              "item/cr536_lastnam": "@body('Parse_JSON')?['LastName']",
              "item/cr536_marital": "@body('Parse_JSON')?['MaritalStatus']",
              "item/cr536_participantemployer": "@body('Parse_JSON')?['Employer']",
              "item/cr536_phone": "@body('Parse_JSON')?['PersonalPhone']",
              "item/cr536_requir2": "@body('Parse_JSON')?['ChildSupportAmnt']",
              "item/cr536_requir1": "@body('Parse_JSON')?['ChildSupportRequired']",
              "item/cr536_workpho": "@body('Parse_JSON')?['WorkPhone']"
            },
            "authentication": "@parameters('$authentication')"
          }
        },
        "Parse_JSON": {
          "runAfter": {},
          "metadata": {
            "operationMetadataId": "a29b0777-b18e-4869-8d5c-57272b715adc"
          },
          "type": "ParseJson",
          "inputs": {
            "content": "@triggerBody()['text']",
            "schema": {
              "type": "object",
              "properties": {
                "ActualChildSupportAmnt": {
                  "type": "string"
                },
                "AddressLine1": {
                  "type": "string"
                },
                "AddressLine2": {
                  "type": "string"
                },
                "CaseWorkerName": {
                  "type": "string"
                },
                "CaseWorkerPhone": {
                  "type": "string"
                },
                "ChildSupportAmnt": {
                  "type": "string"
                },
                "ChildSupportRequired": {
                  "type": "boolean"
                },
                "ChildrenString": {
                  "type": "array",
                  "items": {
                    "type": "object",
                    "properties": {
                      "Age": {
                        "type": "string"
                      },
                      "Birthday": {
                        "type": "string"
                      },
                      "Name": {
                        "type": "string"
                      }
                    },
                    "required": [
                      "Age",
                      "Birthday",
                      "Name"
                    ]
                  }
                },
                "City": {
                  "type": "string"
                },
                "ContactWithChild": {
                  "type": "integer"
                },
                "Email": {
                  "type": "string"
                },
                "EmergencyPhone": {
                  "type": "string"
                },
                "Employer": {
                  "type": "string"
                },
                "Ethnicity": {
                  "type": "string"
                },
                "FirstName": {
                  "type": "string"
                },
                "LastName": {
                  "type": "string"
                },
                "MaritalStatus": {
                  "type": "integer"
                },
                "PersonalPhone": {
                  "type": "string"
                },
                "State": {
                  "type": "string"
                },
                "WorkPhone": {
                  "type": "string"
                },
                "Zip": {
                  "type": "string"
                }
              }
            }
          }
        }
      }
    },
    "templateName": ""
  },
  "schemaVersion": "1.0.0.0"
}