{
  "properties": {
    "connectionReferences": {
      "shared_commondataserviceforapps": {
        "runtimeSource": "embedded",
        "connection": {
          "connectionReferenceLogicalName": "new_sharedcommondataserviceforapps_d8927"
        },
        "api": {
          "name": "shared_commondataserviceforapps"
        }
      }
    },
    "definition": {
      "$schema": "https://schema.management.azure.com/providers/Microsoft.Logic/schemas/2016-06-01/workflowdefinition.json#",
      "contentVersion": "1.0.0.0",
      "parameters": {
        "$connections": {
          "defaultValue": {},
          "type": "Object"
        },
        "$authentication": {
          "defaultValue": {},
          "type": "SecureObject"
        }
      },
      "triggers": {
        "manual": {
          "metadata": {
            "operationMetadataId": "b3332830-7274-4e46-a156-078a4c6f6e4f"
          },
          "type": "Request",
          "kind": "PowerAppV2",
          "inputs": {
            "schema": {
              "type": "object",
              "properties": {
                "text": {
                  "title": "Form Data",
                  "type": "string",
                  "x-ms-dynamically-added": true,
                  "description": "Please enter your input",
                  "x-ms-content-hint": "TEXT"
                }
              },
              "required": [
                "text"
              ]
            }
          }
        }
      },
      "actions": {
        "Parse_JSON": {
          "runAfter": {
            "Initialize_variable_2": [
              "Succeeded"
            ]
          },
          "metadata": {
            "operationMetadataId": "a315c86e-0fdd-4cc9-9d55-29097ec50d78"
          },
          "type": "ParseJson",
          "inputs": {
            "content": "@triggerBody()['text']",
            "schema": {
              "type": "object",
              "properties": {
                "Email": {
                  "type": "string"
                },
                "Name": {
                  "type": "string"
                },
                "Phone": {
                  "type": "string"
                },
                "Status": {
                  "type": "string"
                }
              }
            }
          }
        },
        "Condition:_Is_email_Blank": {
          "actions": {},
          "runAfter": {
            "Parse_JSON": [
              "Succeeded"
            ]
          },
          "else": {
            "actions": {
              "Append_to_string_variable": {
                "runAfter": {},
                "metadata": {
                  "operationMetadataId": "29c00ae7-050b-4698-b060-35b36460f913"
                },
                "type": "AppendToStringVariable",
                "inputs": {
                  "name": "query string",
                  "value": " cr536_email eq '@{body('Parse_JSON')?['Email']}' "
                }
              }
            }
          },
          "expression": {
            "equals": [
              "@body('Parse_JSON')?['Email']",
              ""
            ]
          },
          "metadata": {
            "operationMetadataId": "6122d865-5d72-4465-ae1a-fc776af5621d"
          },
          "type": "If"
        },
        "Initialize_variable": {
          "runAfter": {},
          "metadata": {
            "operationMetadataId": "5d3aba6e-42f1-4ebb-afc3-7147a166e300"
          },
          "type": "InitializeVariable",
          "inputs": {
            "variables": [
              {
                "name": "query string",
                "type": "string"
              }
            ]
          }
        },
        "Condition:_Is_Name_Blank": {
          "actions": {},
          "runAfter": {
            "Condition:_Is_email_Blank": [
              "Succeeded"
            ]
          },
          "else": {
            "actions": {
              "Condition_6": {
                "actions": {},
                "runAfter": {},
                "else": {
                  "actions": {
                    "Append_to_string_variable_5": {
                      "runAfter": {},
                      "metadata": {
                        "operationMetadataId": "8304deef-594d-4c28-9a61-a1f41371be2d"
                      },
                      "type": "AppendToStringVariable",
                      "inputs": {
                        "name": "query string",
                        "value": " and "
                      }
                    }
                  }
                },
                "expression": {
                  "equals": [
                    "@variables('query string')",
                    ""
                  ]
                },
                "metadata": {
                  "operationMetadataId": "70d04de4-9788-4d4f-b0ff-3f103e9a4161"
                },
                "type": "If"
              },
              "Append_to_string_variable_2": {
                "runAfter": {
                  "Condition_6": [
                    "Succeeded"
                  ]
                },
                "metadata": {
                  "operationMetadataId": "b733f609-d45d-41a1-8de4-a8a85c4c2491"
                },
                "type": "AppendToStringVariable",
                "inputs": {
                  "name": "query string",
                  "value": "cr536_fullnam eq '@{body('Parse_JSON')?['Name']}'"
                }
              }
            }
          },
          "expression": {
            "equals": [
              "@body('Parse_JSON')?['Name']",
              ""
            ]
          },
          "metadata": {
            "operationMetadataId": "f082f3a1-a995-4f74-ba3c-5807a64136a1"
          },
          "type": "If"
        },
        "Condition:_Is_Phone_Blank": {
          "actions": {},
          "runAfter": {
            "Condition:_Is_Name_Blank": [
              "Succeeded"
            ]
          },
          "else": {
            "actions": {
              "Condition_7": {
                "actions": {},
                "runAfter": {},
                "else": {
                  "actions": {
                    "Append_to_string_variable_6": {
                      "runAfter": {},
                      "metadata": {
                        "operationMetadataId": "c62bdd86-68c5-4696-b347-55e110612857"
                      },
                      "type": "AppendToStringVariable",
                      "inputs": {
                        "name": "query string",
                        "value": " and "
                      }
                    }
                  }
                },
                "expression": {
                  "equals": [
                    "@variables('query string')",
                    ""
                  ]
                },
                "metadata": {
                  "operationMetadataId": "bc7f9ea8-d641-47f4-819b-92842b9aaa24"
                },
                "type": "If"
              },
              "Append_to_string_variable_3": {
                "runAfter": {
                  "Condition_7": [
                    "Succeeded"
                  ]
                },
                "metadata": {
                  "operationMetadataId": "76a1f2ba-8d37-4098-9a3a-a7e3c7020265"
                },
                "type": "AppendToStringVariable",
                "inputs": {
                  "name": "query string",
                  "value": "cr536_phone eq '@{body('Parse_JSON')?['Phone']}'"
                }
              }
            }
          },
          "expression": {
            "equals": [
              "@body('Parse_JSON')?['Phone']",
              ""
            ]
          },
          "metadata": {
            "operationMetadataId": "7dab09a8-96c1-4c07-a5ee-30039617a9de"
          },
          "type": "If"
        },
        "Condition:_Is_Status_Blank": {
          "actions": {},
          "runAfter": {
            "Condition:_Is_Phone_Blank": [
              "Succeeded"
            ]
          },
          "else": {
            "actions": {
              "Condition:_Is_Query_String_Blank_|_Status": {
                "actions": {},
                "runAfter": {},
                "else": {
                  "actions": {
                    "Append_to_string_variable_7": {
                      "runAfter": {},
                      "metadata": {
                        "operationMetadataId": "f00d724f-fe30-45c5-b18c-c852221950de"
                      },
                      "type": "AppendToStringVariable",
                      "inputs": {
                        "name": "query string",
                        "value": " and "
                      }
                    }
                  }
                },
                "expression": {
                  "equals": [
                    "@variables('query string')",
                    ""
                  ]
                },
                "metadata": {
                  "operationMetadataId": "1adc6010-7530-4ab3-9f6a-b691984de3ac"
                },
                "type": "If"
              },
              "Append_to_string_variable_4": {
                "runAfter": {
                  "Condition:_Is_Query_String_Blank_|_Status": [
                    "Succeeded"
                  ]
                },
                "metadata": {
                  "operationMetadataId": "65ce3aad-0330-487c-876f-a1bd8ad8f794"
                },
                "type": "AppendToStringVariable",
                "inputs": {
                  "name": "query string",
                  "value": "cr536_clients eq @{body('Parse_JSON')?['Status']}"
                }
              }
            }
          },
          "expression": {
            "equals": [
              "@body('Parse_JSON')?['Status']",
              ""
            ]
          },
          "metadata": {
            "operationMetadataId": "b9ae8214-3741-4220-a95e-358324bc2548"
          },
          "type": "If"
        },
        "Response": {
          "runAfter": {
            "Condition": [
              "Succeeded"
            ]
          },
          "metadata": {
            "operationMetadataId": "5ce389c0-7776-4003-81bb-eeffc6ce4beb"
          },
          "type": "Response",
          "kind": "Http",
          "inputs": {
            "statusCode": 200,
            "body": "@variables('arrResponse')",
            "schema": {
              "type": "array",
              "items": {
                "type": "object",
                "properties": {
                  "participant_id": {
                    "type": "string"
                  }
                },
                "required": [
                  "participant_id"
                ]
              }
            }
          }
        },
        "Condition": {
          "actions": {
            "List_rows_2": {
              "runAfter": {},
              "metadata": {
                "operationMetadataId": "4d6006e4-433f-4b17-b6b5-798e95d01c04"
              },
              "type": "OpenApiConnection",
              "inputs": {
                "host": {
                  "connectionName": "shared_commondataserviceforapps",
                  "operationId": "ListRecords",
                  "apiId": "/providers/Microsoft.PowerApps/apis/shared_commondataserviceforapps"
                },
                "parameters": {
                  "entityName": "cr536_clients3b8dbs"
                },
                "authentication": "@parameters('$authentication')"
              }
            },
            "Select_2": {
              "runAfter": {
                "List_rows_2": [
                  "Succeeded"
                ]
              },
              "metadata": {
                "operationMetadataId": "d2c8ecbf-5396-496e-8886-8065373606a2"
              },
              "type": "Select",
              "inputs": {
                "from": "@outputs('List_rows_2')?['body/value']",
                "select": {
                  "participant_id": "@item()?['cr536_clienti']"
                }
              }
            },
            "Set_variable": {
              "runAfter": {
                "Select_2": [
                  "Succeeded"
                ]
              },
              "metadata": {
                "operationMetadataId": "4e86e05c-404d-42ec-a9ee-56b6868245d0"
              },
              "type": "SetVariable",
              "inputs": {
                "name": "arrResponse",
                "value": "@body('Select_2')"
              }
            }
          },
          "runAfter": {
            "Condition:_Is_Status_Blank": [
              "Succeeded"
            ]
          },
          "else": {
            "actions": {
              "List_rows": {
                "runAfter": {},
                "metadata": {
                  "operationMetadataId": "bcbb523b-063f-45ff-8f60-ce49a8b6dfb0"
                },
                "type": "OpenApiConnection",
                "inputs": {
                  "host": {
                    "connectionName": "shared_commondataserviceforapps",
                    "operationId": "ListRecords",
                    "apiId": "/providers/Microsoft.PowerApps/apis/shared_commondataserviceforapps"
                  },
                  "parameters": {
                    "entityName": "cr536_clients3b8dbs",
                    "$filter": "@variables('query string')"
                  },
                  "authentication": "@parameters('$authentication')"
                }
              },
              "Select": {
                "runAfter": {
                  "List_rows": [
                    "Succeeded"
                  ]
                },
                "metadata": {
                  "operationMetadataId": "ff4fb35d-3fe7-4433-bd93-f3131d1382a2"
                },
                "type": "Select",
                "inputs": {
                  "from": "@outputs('List_rows')?['body/value']",
                  "select": {
                    "participant_id": "@item()?['cr536_clienti']"
                  }
                }
              },
              "Set_variable_2": {
                "runAfter": {
                  "Select": [
                    "Succeeded"
                  ]
                },
                "metadata": {
                  "operationMetadataId": "c294b14b-87e6-4600-8faa-9fdc671da8c9"
                },
                "type": "SetVariable",
                "inputs": {
                  "name": "arrResponse",
                  "value": "@body('Select')"
                }
              }
            }
          },
          "expression": {
            "equals": [
              "@variables('query string')",
              ""
            ]
          },
          "metadata": {
            "operationMetadataId": "ceceaa0c-2336-4aeb-bec0-89750035c5c2"
          },
          "type": "If"
        },
        "Initialize_variable_2": {
          "runAfter": {
            "Initialize_variable": [
              "Succeeded"
            ]
          },
          "metadata": {
            "operationMetadataId": "3e818f05-b6e7-4b25-830a-971870fecc82"
          },
          "type": "InitializeVariable",
          "inputs": {
            "variables": [
              {
                "name": "arrResponse",
                "type": "array"
              }
            ]
          }
        }
      }
    },
    "templateName": ""
  },
  "schemaVersion": "1.0.0.0"
}