<powerpagecomponent powerpagecomponentid="4f2338a4-9c01-4d95-b3cd-4d304e275aaf">
  <content>{"adx_websiteaccess_webrole":["3df8ea47-ecb5-4e99-b1c0-987aef697d51"],"managecontentsnippets":true,"managesitemarkers":true,"manageweblinksets":true,"previewunpublishedentities":true}</content>
  <iscustomizable>1</iscustomizable>
  <name>Administrative permissions for Basic Portal</name>
  <powerpagecomponenttype>12</powerpagecomponenttype>
  <powerpagesiteid>
    <powerpagesiteid>217aef6d-14c8-41d7-912e-4d09fa09c04e</powerpagesiteid>
  </powerpagesiteid>
  <statecode>0</statecode>
  <statuscode>1</statuscode>
</powerpagecomponent>