<powerpagecomponent powerpagecomponentid="5a85f7d5-129b-106e-f908-6f5c652fae08">
  <content>{"summary":"ORANGE_DESCRIPTION","publishingstateid":"ca7128c0-711a-422a-83bf-714e16df13ee","partialurl":"ORANGE-1.scss","parentpageid":"961112bb-612e-4046-88a4-f27ee8e0353b"}</content>
  <filecontent mimetype="application/octet-stream">ORANGE%20(1)</filecontent>
  <iscustomizable>1</iscustomizable>
  <name>ORANGE (1)</name>
  <powerpagecomponenttype>3</powerpagecomponenttype>
  <powerpagesiteid>
    <powerpagesiteid>217aef6d-14c8-41d7-912e-4d09fa09c04e</powerpagesiteid>
  </powerpagesiteid>
  <statecode>0</statecode>
  <statuscode>1</statuscode>
</powerpagecomponent>