<powerpagecomponent powerpagecomponentid="1e941f3d-54d6-4487-93e8-53252867bbd1">
  <content>{
  "copy": "&lt;div data-component-theme=\"portalThemeColor6\" class=\"row sectionBlockLayout\" style=\"padding: 8px; margin: 0px; display: flex; flex-wrap: wrap; height: 15px; min-height: 15px;\"&gt;&lt;/div&gt;\n&lt;div class=\"row sectionBlockLayout\" style=\"padding: 8px; margin: 0px; display: flex; flex-wrap: wrap; text-align: left; min-height: auto;\"&gt;\n  &lt;div class=\"container\" style=\"padding: 0px; display: flex; flex-wrap: wrap;\"&gt;\n    &lt;div class=\"col-md-12 columnBlockLayout\" style=\"word-break: break-word; flex-grow: 1; display: flex; flex-direction: column; min-width: 300px;\"&gt;\n      &lt;h1&gt;Contact us&lt;/h1&gt;\n      &lt;div class=\"row sectionBlockLayout\" style=\"display: flex; flex-wrap: wrap; padding: 8px; margin: 0px; min-height: 15px;\"&gt;&lt;/div&gt;\n      &lt;p&gt;Having troubles with the companion app? Let us know and we will help!&lt;/p&gt;\n    &lt;/div&gt;\n  &lt;/div&gt;\n&lt;/div&gt;\n&lt;div class=\"row sectionBlockLayout\" style=\"padding: 8px; margin: 0px; display: flex; flex-wrap: wrap; text-align: left; min-height: 374px;\"&gt;\n  &lt;div class=\"container\" style=\"padding: 0px; display: flex; flex-wrap: wrap;\"&gt;&lt;div class=\"col-md-12 columnBlockLayout\" style=\"word-break: break-word; flex-grow: 1; display: flex; flex-direction: column; min-width: 300px;\"&gt;{% entityform name: 'simple contact us form' %}&lt;/div&gt;&lt;/div&gt;\n&lt;/div&gt;\n&lt;div data-component-theme=\"portalThemeColor2\" class=\"row sectionBlockLayout\" style=\"padding: 8px; margin: 0px; display: flex; flex-wrap: wrap; min-height: 28px;\"&gt;&lt;/div&gt;\n&lt;div data-component-theme=\"portalThemeColor6\" class=\"row sectionBlockLayout\" style=\"padding: 8px; margin: 0px; display: flex; flex-wrap: wrap; min-height: 52px;\"&gt;&lt;/div&gt;\n",
  "displayorder": 3,
  "enablerating": false,
  "enabletracking": false,
  "excludefromsearch": false,
  "feedbackpolicy": 756150000,
  "hiddenfromsitemap": false,
  "isroot": false,
  "pagetemplateid": "141440d1-42d6-40da-9604-3252bb872126",
  "parentpageid": "961112bb-612e-4046-88a4-f27ee8e0353b",
  "partialurl": "contact-us",
  "publishingstateid": "ca7128c0-711a-422a-83bf-714e16df13ee",
  "rootwebpageid": "a063d889-2a7e-4bd3-88cc-e28a8fe4ac27",
  "sharedpageconfiguration": false,
  "summary": "&lt;p&gt;This is sample landing page for you to start building your website&lt;/p&gt;"
}</content>
  <iscustomizable>1</iscustomizable>
  <name>Contact us</name>
  <powerpagecomponenttype>2</powerpagecomponenttype>
  <powerpagesiteid>
    <powerpagesiteid>217aef6d-14c8-41d7-912e-4d09fa09c04e</powerpagesiteid>
  </powerpagesiteid>
  <powerpagesitelanguageid>
    <powerpagesitelanguageid>526ce4d2-ae47-4a38-aa1f-6fad8fb70459</powerpagesitelanguageid>
  </powerpagesitelanguageid>
  <searchcontent>&lt;div data-component-theme="portalThemeColor6" class="row sectionBlockLayout" style="padding: 8px; margin: 0px; display: flex; flex-wrap: wrap; height: 15px; min-height: 15px;"&gt;&lt;/div&gt;
&lt;div class="row sectionBlockLayout" style="padding: 8px; margin: 0px; display: flex; flex-wrap: wrap; text-align: left; min-height: auto;"&gt;
  &lt;div class="container" style="padding: 0px; display: flex; flex-wrap: wrap;"&gt;
    &lt;div class="col-md-12 columnBlockLayout" style="word-break: break-word; flex-grow: 1; display: flex; flex-direction: column; min-width: 300px;"&gt;
      &lt;h1&gt;Contact us&lt;/h1&gt;
      &lt;div class="row sectionBlockLayout" style="display: flex; flex-wrap: wrap; padding: 8px; margin: 0px; min-height: 15px;"&gt;&lt;/div&gt;
      &lt;p&gt;Having troubles with the companion app? Let us know and we will help!&lt;/p&gt;
    &lt;/div&gt;
  &lt;/div&gt;
&lt;/div&gt;
&lt;div class="row sectionBlockLayout" style="padding: 8px; margin: 0px; display: flex; flex-wrap: wrap; text-align: left; min-height: 374px;"&gt;
  &lt;div class="container" style="padding: 0px; display: flex; flex-wrap: wrap;"&gt;&lt;div class="col-md-12 columnBlockLayout" style="word-break: break-word; flex-grow: 1; display: flex; flex-direction: column; min-width: 300px;"&gt;{% entityform name: 'simple contact us form' %}&lt;/div&gt;&lt;/div&gt;
&lt;/div&gt;
&lt;div data-component-theme="portalThemeColor2" class="row sectionBlockLayout" style="padding: 8px; margin: 0px; display: flex; flex-wrap: wrap; min-height: 28px;"&gt;&lt;/div&gt;
&lt;div data-component-theme="portalThemeColor6" class="row sectionBlockLayout" style="padding: 8px; margin: 0px; display: flex; flex-wrap: wrap; min-height: 52px;"&gt;&lt;/div&gt;
Contact us</searchcontent>
  <statecode>0</statecode>
  <statuscode>1</statuscode>
</powerpagecomponent>