<powerpagecomponent powerpagecomponentid="056e4309-77a6-4d74-b4c3-f8642a1b8721">
  <content>{"source":"&lt;div class=\"wrapper-body\"&gt;\r\n  &lt;div class=\"container\"&gt;\r\n    &lt;div class=\"page-heading\"&gt;\r\n      {% block breadcrumbs %}\r\n      {% include 'Breadcrumbs' %}\r\n      {% endblock %}\r\n      {% block title %}\r\n      {% include 'Page Header' %}\r\n      {% endblock %}\r\n    &lt;/div&gt;\r\n    &lt;div class=\"row\"&gt;\r\n      &lt;div class=\"col-sm-4 col-lg-3 left-column\"&gt;\r\n        {% block aside %}{% endblock %}\r\n      &lt;/div&gt;\r\n      &lt;div class=\"col-sm-8 col-lg-9 right-column\"&gt;\r\n        {% block main %}\r\n        {% include 'Page Copy' %}\r\n        {% endblock %}\r\n      &lt;/div&gt;\r\n    &lt;/div&gt;\r\n  &lt;/div&gt;\r\n  &lt;div class=\"push\"&gt;&lt;/div&gt;\r\n  &lt;/div&gt;"}</content>
  <iscustomizable>1</iscustomizable>
  <name>Layout 2 Column Wide Right</name>
  <powerpagecomponenttype>8</powerpagecomponenttype>
  <powerpagesiteid>
    <powerpagesiteid>217aef6d-14c8-41d7-912e-4d09fa09c04e</powerpagesiteid>
  </powerpagesiteid>
  <statecode>0</statecode>
  <statuscode>1</statuscode>
</powerpagecomponent>