<powerpagecomponent powerpagecomponentid="303b44d9-4fad-4dea-b50c-ee5e27886eeb">
  <content>{"createdOn":"2023-11-05T00:07:13.717Z","parentpageid":"961112bb-612e-4046-88a4-f27ee8e0353b","publishingstateid":"ca7128c0-711a-422a-83bf-714e16df13ee","partialurl":"BLACK.png","title":"","summary":"","enabletracking":false,"excludefromsearch":false,"hiddenfromsitemap":false}</content>
  <filecontent mimetype="image/png">BLACK.png</filecontent>
  <iscustomizable>1</iscustomizable>
  <name>BLACK.png</name>
  <powerpagecomponenttype>3</powerpagecomponenttype>
  <powerpagesiteid>
    <powerpagesiteid>217aef6d-14c8-41d7-912e-4d09fa09c04e</powerpagesiteid>
  </powerpagesiteid>
  <statecode>0</statecode>
  <statuscode>1</statuscode>
</powerpagecomponent>