<powerpagecomponent powerpagecomponentid="961112bb-612e-4046-88a4-f27ee8e0353b">
  <content>{"displayorder":1,"enablerating":false,"enabletracking":false,"excludefromsearch":false,"feedbackpolicy":756150005,"hiddenfromsitemap":false,"isroot":true,"pagetemplateid":"141440d1-42d6-40da-9604-3252bb872126","partialurl":"/","publishingstateid":"ca7128c0-711a-422a-83bf-714e16df13ee","sharedpageconfiguration":false,"title":"Home"}</content>
  <iscustomizable>1</iscustomizable>
  <name>Home</name>
  <powerpagecomponenttype>2</powerpagecomponenttype>
  <powerpagesiteid>
    <powerpagesiteid>217aef6d-14c8-41d7-912e-4d09fa09c04e</powerpagesiteid>
  </powerpagesiteid>
  <searchcontent>HomeHome</searchcontent>
  <statecode>0</statecode>
  <statuscode>1</statuscode>
</powerpagecomponent>