<powerpagecomponent powerpagecomponentid="dcf4d3e6-938e-4970-83c5-882c333dd1ff">
  <content>{"source":"{% assign title = title | default: page.title %}\r\n\r\n&lt;ul class=\"breadcrumb\"&gt;\r\n {% for crumb in page.breadcrumbs -%}\r\n &lt;li&gt;\r\n  &lt;a href=\"{{ crumb.url | h }}\" title=\"{{ crumb.title | h }}\"&gt;{{ crumb.title | truncate: 24 | h }}&lt;/a&gt;\r\n &lt;/li&gt;\r\n {% endfor -%}\r\n &lt;li class=\"active\"&gt;{% block activebreadcrumb %}{{ title | h }}{% endblock %}&lt;/li&gt;\r\n&lt;/ul&gt;"}</content>
  <iscustomizable>1</iscustomizable>
  <name>Breadcrumbs</name>
  <powerpagecomponenttype>8</powerpagecomponenttype>
  <powerpagesiteid>
    <powerpagesiteid>217aef6d-14c8-41d7-912e-4d09fa09c04e</powerpagesiteid>
  </powerpagesiteid>
  <statecode>0</statecode>
  <statuscode>1</statuscode>
</powerpagecomponent>