<powerpagecomponent powerpagecomponentid="eb6a0ff2-def4-4c6d-9707-e29ca0da0f26">
  <content>{"appendquerystring":false,"associatecurrentportaluser":false,"attachfile":false,"attachfileallowmultiple":false,"attachfilerequired":false,"attachfilerestrictaccept":false,"autogeneratesteps":false,"captcharequired":false,"entityname":"feedback","entitypermissionsenabled":true,"forceallfieldsrequired":false,"formname":"simple contact us form","geolocation_displaymap":false,"geolocation_enabled":false,"geolocation_maptype":756150000,"hideformonsuccess":true,"mode":100000000,"onsuccess":756150000,"populatereferenceentitylookupfield":false,"portaluserlookupattributeisactivityparty":false,"recommendedfieldsrequired":false,"recordsourceallowcreateonnull":false,"redirecturlappendentityidquerystring":false,"referenceentityshowreadonlyform":false,"referencequerystringisprimarykey":true,"renderwebresourcesinline":false,"setentityreference":false,"showcaptchaforauthenticatedusers":false,"showownerfields":false,"showunsupportedfields":false,"tooltipenabled":false,"validationsummarylinksenabled":true}</content>
  <iscustomizable>1</iscustomizable>
  <name>simple contact us form</name>
  <powerpagecomponenttype>15</powerpagecomponenttype>
  <powerpagesiteid>
    <powerpagesiteid>217aef6d-14c8-41d7-912e-4d09fa09c04e</powerpagesiteid>
  </powerpagesiteid>
  <statecode>0</statecode>
  <statuscode>1</statuscode>
</powerpagecomponent>