<powerpagecomponent powerpagecomponentid="26fffceb-d4b5-49a2-a03c-cd9079b899c2">
  <content>{"display_name":"Profile Navigation"}</content>
  <iscustomizable>1</iscustomizable>
  <name>Profile Navigation</name>
  <powerpagecomponenttype>4</powerpagecomponenttype>
  <powerpagesiteid>
    <powerpagesiteid>217aef6d-14c8-41d7-912e-4d09fa09c04e</powerpagesiteid>
  </powerpagesiteid>
  <powerpagesitelanguageid>
    <powerpagesitelanguageid>526ce4d2-ae47-4a38-aa1f-6fad8fb70459</powerpagesitelanguageid>
  </powerpagesitelanguageid>
  <statecode>0</statecode>
  <statuscode>1</statuscode>
</powerpagecomponent>