<powerpagecomponent powerpagecomponentid="73bf9eee-814c-4a0d-827a-f028f6ee9280">
  <content>{"status":"enable","selectedThemeId":"329a43fa-5471-4678-8330-d3a0b404e9bb","siteSettingId":"73bf9eee-814c-4a0d-827a-f028f6ee9280","version":"V2"}</content>
  <iscustomizable>1</iscustomizable>
  <name>ThemeFeature</name>
  <powerpagecomponenttype>9</powerpagecomponenttype>
  <powerpagesiteid>
    <powerpagesiteid>217aef6d-14c8-41d7-912e-4d09fa09c04e</powerpagesiteid>
  </powerpagesiteid>
  <statecode>0</statecode>
  <statuscode>1</statuscode>
</powerpagecomponent>