<powerpagecomponent powerpagecomponentid="bf951c07-a170-4ec9-84b7-d0e6c84a8daa">
  <content>{"display_name":"Search/Facet/More","type":756150000,"value":"Show more"}</content>
  <iscustomizable>1</iscustomizable>
  <name>Search/Facet/More</name>
  <powerpagecomponenttype>7</powerpagecomponenttype>
  <powerpagesiteid>
    <powerpagesiteid>217aef6d-14c8-41d7-912e-4d09fa09c04e</powerpagesiteid>
  </powerpagesiteid>
  <powerpagesitelanguageid>
    <powerpagesitelanguageid>526ce4d2-ae47-4a38-aa1f-6fad8fb70459</powerpagesitelanguageid>
  </powerpagesitelanguageid>
  <statecode>0</statecode>
  <statuscode>1</statuscode>
</powerpagecomponent>