<powerpagecomponent powerpagecomponentid="20e1daf4-d929-4363-b8dd-105e948e6eef">
  <content>{"entityname":"adx_webpage","isdefault":false,"rewriteurl":"~/Pages/AccessDenied.aspx","type":756150000,"usewebsiteheaderandfooter":true}</content>
  <iscustomizable>1</iscustomizable>
  <name>Access Denied</name>
  <powerpagecomponenttype>6</powerpagecomponenttype>
  <powerpagesiteid>
    <powerpagesiteid>217aef6d-14c8-41d7-912e-4d09fa09c04e</powerpagesiteid>
  </powerpagesiteid>
  <statecode>0</statecode>
  <statuscode>1</statuscode>
</powerpagecomponent>