<powerpagecomponent powerpagecomponentid="427fb68d-32ea-4877-9bfd-e0532aeb459c">
  <content>{"description":"A true or false value. If set to true, the local account will be marked as deprecated. The portal user will be required to migrate to a non-deprecated account.","value":"False"}</content>
  <iscustomizable>1</iscustomizable>
  <name>Authentication/Registration/LocalLoginDeprecated</name>
  <powerpagecomponenttype>9</powerpagecomponenttype>
  <powerpagesiteid>
    <powerpagesiteid>217aef6d-14c8-41d7-912e-4d09fa09c04e</powerpagesiteid>
  </powerpagesiteid>
  <statecode>0</statecode>
  <statuscode>1</statuscode>
</powerpagecomponent>