<powerpagecomponent powerpagecomponentid="141440d1-42d6-40da-9604-3252bb872126">
  <content>{"description":"Default studio template. Please do not modify.","entityname":"adx_webpage","isdefault":false,"type":756150001,"usewebsiteheaderandfooter":true,"webtemplateid":"2db69b8b-67f1-48ae-a5ea-62215c9ad81c"}</content>
  <iscustomizable>1</iscustomizable>
  <name>Default studio template</name>
  <powerpagecomponenttype>6</powerpagecomponenttype>
  <powerpagesiteid>
    <powerpagesiteid>217aef6d-14c8-41d7-912e-4d09fa09c04e</powerpagesiteid>
  </powerpagesiteid>
  <statecode>0</statecode>
  <statuscode>1</statuscode>
</powerpagecomponent>