<powerpagecomponent powerpagecomponentid="4dd42523-1b80-491f-b0d8-12d52975c19f">
  <content>{"description":"The Prefix entered here will be used to filter Notes Text, allowing you to control notes exposed on the Portal ex: *WEB*","value":"*WEB*"}</content>
  <iscustomizable>1</iscustomizable>
  <name>KnowledgeManagement/NotesFilter</name>
  <powerpagecomponenttype>9</powerpagecomponenttype>
  <powerpagesiteid>
    <powerpagesiteid>217aef6d-14c8-41d7-912e-4d09fa09c04e</powerpagesiteid>
  </powerpagesiteid>
  <statecode>0</statecode>
  <statuscode>1</statuscode>
</powerpagecomponent>