<powerpagecomponent powerpagecomponentid="218ffc0f-65f8-49ab-91ba-d03e50fc2277">
  <content>{
  "powerpagesitelanguageid": "526ce4d2-ae47-4a38-aa1f-6fad8fb70459",
  "display_name": "Logo alt text",
  "type": 756150000,
  "value": "Good Dads Logo"
}</content>
  <iscustomizable>1</iscustomizable>
  <name>Logo alt text</name>
  <powerpagecomponenttype>7</powerpagecomponenttype>
  <powerpagesiteid>
    <powerpagesiteid>217aef6d-14c8-41d7-912e-4d09fa09c04e</powerpagesiteid>
  </powerpagesiteid>
  <powerpagesitelanguageid>
    <powerpagesitelanguageid>526ce4d2-ae47-4a38-aa1f-6fad8fb70459</powerpagesitelanguageid>
  </powerpagesitelanguageid>
  <statecode>0</statecode>
  <statuscode>1</statuscode>
</powerpagecomponent>