<powerpagecomponent powerpagecomponentid="72bd7919-bb9a-4448-a8e3-be59efb4f0a4">
  <content>{
  "copy": "&lt;div data-component-theme=\"portalThemeColor1\" class=\"row sectionBlockLayout\" style=\"padding: 8px; margin: 0px; display: flex; flex-wrap: wrap; text-align: left; min-height: auto;\"&gt;\n  &lt;div class=\"container\" style=\"padding: 0px; display: flex; flex-wrap: wrap; flex-direction: row-reverse;\"&gt;\n    &lt;div class=\"col-md-6 columnBlockLayout\" style=\"word-break: break-word; flex-grow: 1; display: flex; flex-direction: column; min-width: 300px;\"&gt;&lt;img src=\"/pexels-kampus-production-8913984.jpg\" alt=\"pexels-kampus-production-8913984\" name=\"pexels-kampus-production-8913984.jpg\" style=\"width: 88.11%; height: 305.545px; max-width: 100%; margin-left: auto; margin-right: auto; border-color: #a19f9d; border: 0px solid #a19f9d; border-radius: 12px; box-shadow: 0px 0px 5px rgb(0, 0, 0);\" /&gt;&lt;/div&gt;\n    &lt;div class=\"col-md-6 columnBlockLayout\" style=\"word-break: break-word; flex-grow: 1; display: flex; flex-direction: column; min-width: 300px;\"&gt;\n      &lt;h1 style=\"text-align: center;\"&gt;Your journey to becoming the best parent you can be starts here&lt;/h1&gt;\n      &lt;div class=\"row sectionBlockLayout\" style=\"display: flex; flex-wrap: wrap; padding: 8px; margin: 0px; min-height: 15px;\"&gt;&lt;/div&gt;\n      &lt;button onclick=\"window.location.href='https://gdh4g2023.powerappsportals.com/SignIn?returnUrl=%2F'\" type=\"button\" value=\"https://gdh4g2023.powerappsportals.com/SignIn?returnUrl=%2F\" class=\"button1\" style=\"margin-left: auto; margin-right: auto;\"&gt;Login&lt;/button&gt;\n    &lt;/div&gt;\n  &lt;/div&gt;\n&lt;/div&gt;\n",
  "displayorder": 1,
  "enablerating": false,
  "enabletracking": false,
  "excludefromsearch": false,
  "feedbackpolicy": 756150005,
  "hiddenfromsitemap": false,
  "isroot": false,
  "pagetemplateid": "141440d1-42d6-40da-9604-3252bb872126",
  "partialurl": "/",
  "publishingstateid": "ca7128c0-711a-422a-83bf-714e16df13ee",
  "rootwebpageid": "961112bb-612e-4046-88a4-f27ee8e0353b",
  "sharedpageconfiguration": false,
  "summary": "&lt;p&gt;This is a sample landing page for you to start creating your website.&lt;/p&gt;",
  "title": "Home",
  "parentpageid": null
}</content>
  <iscustomizable>1</iscustomizable>
  <name>Home</name>
  <powerpagecomponenttype>2</powerpagecomponenttype>
  <powerpagesiteid>
    <powerpagesiteid>217aef6d-14c8-41d7-912e-4d09fa09c04e</powerpagesiteid>
  </powerpagesiteid>
  <powerpagesitelanguageid>
    <powerpagesitelanguageid>526ce4d2-ae47-4a38-aa1f-6fad8fb70459</powerpagesitelanguageid>
  </powerpagesitelanguageid>
  <searchcontent>Home&lt;div data-component-theme="portalThemeColor1" class="row sectionBlockLayout" style="padding: 8px; margin: 0px; display: flex; flex-wrap: wrap; text-align: left; min-height: auto;"&gt;
  &lt;div class="container" style="padding: 0px; display: flex; flex-wrap: wrap; flex-direction: row-reverse;"&gt;
    &lt;div class="col-md-6 columnBlockLayout" style="word-break: break-word; flex-grow: 1; display: flex; flex-direction: column; min-width: 300px;"&gt;&lt;img src="/pexels-kampus-production-8913984.jpg" alt="pexels-kampus-production-8913984" name="pexels-kampus-production-8913984.jpg" style="width: 88.11%; height: 305.545px; max-width: 100%; margin-left: auto; margin-right: auto; border-color: #a19f9d; border: 0px solid #a19f9d; border-radius: 12px; box-shadow: 0px 0px 5px rgb(0, 0, 0);" /&gt;&lt;/div&gt;
    &lt;div class="col-md-6 columnBlockLayout" style="word-break: break-word; flex-grow: 1; display: flex; flex-direction: column; min-width: 300px;"&gt;
      &lt;h1 style="text-align: center;"&gt;Your journey to becoming the best parent you can be starts here&lt;/h1&gt;
      &lt;div class="row sectionBlockLayout" style="display: flex; flex-wrap: wrap; padding: 8px; margin: 0px; min-height: 15px;"&gt;&lt;/div&gt;
      &lt;button onclick="window.location.href='https://gdh4g2023.powerappsportals.com/SignIn?returnUrl=%2F'" type="button" value="https://gdh4g2023.powerappsportals.com/SignIn?returnUrl=%2F" class="button1" style="margin-left: auto; margin-right: auto;"&gt;Login&lt;/button&gt;
    &lt;/div&gt;
  &lt;/div&gt;
&lt;/div&gt;
Home</searchcontent>
  <statecode>0</statecode>
  <statuscode>1</statuscode>
</powerpagecomponent>