<powerpagecomponent powerpagecomponentid="24b4a622-b9e2-4404-b0a6-89b752e11799">
  <content>{"display_name":"EntityList/View Not Available Message","type":756150001,"value":"&lt;div class=\"alert alert-block alert-warning\"&gt;&lt;p&gt;&lt;span class=\"fa fa-exclamation-triangle\" aria-hidden=\"true\"&gt;&lt;/span&gt;The view is not available.&lt;/p&gt;&lt;/div&gt;"}</content>
  <iscustomizable>1</iscustomizable>
  <name>EntityList/ViewNotAvailableMessage</name>
  <powerpagecomponenttype>7</powerpagecomponenttype>
  <powerpagesiteid>
    <powerpagesiteid>217aef6d-14c8-41d7-912e-4d09fa09c04e</powerpagesiteid>
  </powerpagesiteid>
  <powerpagesitelanguageid>
    <powerpagesitelanguageid>526ce4d2-ae47-4a38-aa1f-6fad8fb70459</powerpagesitelanguageid>
  </powerpagesitelanguageid>
  <statecode>0</statecode>
  <statuscode>1</statuscode>
</powerpagecomponent>