<powerpagecomponent powerpagecomponentid="a063d889-2a7e-4bd3-88cc-e28a8fe4ac27">
  <content>{"displayorder":3,"enablerating":false,"enabletracking":false,"excludefromsearch":false,"feedbackpolicy":756150000,"hiddenfromsitemap":false,"isroot":true,"pagetemplateid":"141440d1-42d6-40da-9604-3252bb872126","parentpageid":"961112bb-612e-4046-88a4-f27ee8e0353b","partialurl":"contact-us","publishingstateid":"ca7128c0-711a-422a-83bf-714e16df13ee","sharedpageconfiguration":false}</content>
  <iscustomizable>1</iscustomizable>
  <name>Contact us</name>
  <powerpagecomponenttype>2</powerpagecomponenttype>
  <powerpagesiteid>
    <powerpagesiteid>217aef6d-14c8-41d7-912e-4d09fa09c04e</powerpagesiteid>
  </powerpagesiteid>
  <searchcontent>Contact us</searchcontent>
  <statecode>0</statecode>
  <statuscode>1</statuscode>
</powerpagecomponent>