<powerpagecomponent powerpagecomponentid="45c9b657-12cf-4f06-82ac-cfe05dc1386e">
  <content>{"contentdisposition":756150000,"enabletracking":false,"excludefromsearch":false,"hiddenfromsitemap":false,"parentpageid":"961112bb-612e-4046-88a4-f27ee8e0353b","partialurl":"PWALogo.png","publishingstateid":"ca7128c0-711a-422a-83bf-714e16df13ee"}</content>
  <filecontent mimetype="application/octet-stream">PWALogo.png</filecontent>
  <iscustomizable>1</iscustomizable>
  <name>PWALogo.png</name>
  <powerpagecomponenttype>3</powerpagecomponenttype>
  <powerpagesiteid>
    <powerpagesiteid>217aef6d-14c8-41d7-912e-4d09fa09c04e</powerpagesiteid>
  </powerpagesiteid>
  <statecode>0</statecode>
  <statuscode>1</statuscode>
</powerpagecomponent>