<powerpagecomponent powerpagecomponentid="7681c77f-fb87-4236-b0c4-61388b216ca9">
  <content>{"enablerating":false,"enabletracking":false,"excludefromsearch":false,"feedbackpolicy":756150000,"hiddenfromsitemap":false,"isroot":true,"pagetemplateid":"141440d1-42d6-40da-9604-3252bb872126","parentpageid":"961112bb-612e-4046-88a4-f27ee8e0353b","partialurl":"default-offline-page","publishingstateid":"ca7128c0-711a-422a-83bf-714e16df13ee","sharedpageconfiguration":false,"title":"Default Offline Page"}</content>
  <iscustomizable>1</iscustomizable>
  <name>Default Offline Page</name>
  <powerpagecomponenttype>2</powerpagecomponenttype>
  <powerpagesiteid>
    <powerpagesiteid>217aef6d-14c8-41d7-912e-4d09fa09c04e</powerpagesiteid>
  </powerpagesiteid>
  <searchcontent>Default Offline PageDefault Offline Page</searchcontent>
  <statecode>0</statecode>
  <statuscode>1</statuscode>
</powerpagecomponent>