<powerpagecomponent powerpagecomponentid="0556931b-5650-486d-8073-acb822b67e86">
  <content>{
  "powerpagesitelanguageid": "526ce4d2-ae47-4a38-aa1f-6fad8fb70459",
  "display_name": "Site name",
  "type": 756150000,
  "value": "Good Dads - Companion"
}</content>
  <iscustomizable>1</iscustomizable>
  <name>Site name</name>
  <powerpagecomponenttype>7</powerpagecomponenttype>
  <powerpagesiteid>
    <powerpagesiteid>217aef6d-14c8-41d7-912e-4d09fa09c04e</powerpagesiteid>
  </powerpagesiteid>
  <powerpagesitelanguageid>
    <powerpagesitelanguageid>526ce4d2-ae47-4a38-aa1f-6fad8fb70459</powerpagesitelanguageid>
  </powerpagesitelanguageid>
  <statecode>0</statecode>
  <statuscode>1</statuscode>
</powerpagecomponent>