<powerpagecomponent powerpagecomponentid="3430950c-8a00-4e72-a8c6-771b598f063e">
  <content>{"display_name":"Search/Title","type":756150000,"value":"&lt;span&gt;Search&lt;/span&gt;"}</content>
  <iscustomizable>1</iscustomizable>
  <name>Search/Title</name>
  <powerpagecomponenttype>7</powerpagecomponenttype>
  <powerpagesiteid>
    <powerpagesiteid>217aef6d-14c8-41d7-912e-4d09fa09c04e</powerpagesiteid>
  </powerpagesiteid>
  <powerpagesitelanguageid>
    <powerpagesitelanguageid>526ce4d2-ae47-4a38-aa1f-6fad8fb70459</powerpagesitelanguageid>
  </powerpagesitelanguageid>
  <statecode>0</statecode>
  <statuscode>1</statuscode>
</powerpagecomponent>