<powerpagecomponent powerpagecomponentid="ca8d12f3-224e-4ab4-9d73-6449e8ba5593">
  <content>{"disablepagevalidation":false,"displayimageonly":false,"displayorder":1,"displaypagechildlinks":false,"openinnewwindow":false,"pageid":"961112bb-612e-4046-88a4-f27ee8e0353b","publishingstateid":"ca7128c0-711a-422a-83bf-714e16df13ee","robotsfollowlink":true,"weblinksetid":"57a31669-8ec2-461f-be33-d15c5ab6910b"}</content>
  <iscustomizable>1</iscustomizable>
  <name>Home</name>
  <powerpagecomponenttype>5</powerpagecomponenttype>
  <powerpagesiteid>
    <powerpagesiteid>217aef6d-14c8-41d7-912e-4d09fa09c04e</powerpagesiteid>
  </powerpagesiteid>
  <statecode>0</statecode>
  <statuscode>1</statuscode>
</powerpagecomponent>