<powerpagecomponent powerpagecomponentid="4d72bffc-27fb-4802-aefe-45c448fa1e1e">
  <content>{"display_name":"Search/Facet/Clear Constraints","type":756150000,"value":"Clear All"}</content>
  <iscustomizable>1</iscustomizable>
  <name>Search/Facet/ClearConstraints</name>
  <powerpagecomponenttype>7</powerpagecomponenttype>
  <powerpagesiteid>
    <powerpagesiteid>217aef6d-14c8-41d7-912e-4d09fa09c04e</powerpagesiteid>
  </powerpagesiteid>
  <powerpagesitelanguageid>
    <powerpagesitelanguageid>526ce4d2-ae47-4a38-aa1f-6fad8fb70459</powerpagesitelanguageid>
  </powerpagesitelanguageid>
  <statecode>0</statecode>
  <statuscode>1</statuscode>
</powerpagecomponent>