<powerpagecomponent powerpagecomponentid="8d9468f0-c745-45b1-97f3-a7820876b415">
  <content>{"disablepagevalidation":false,"displayimageonly":false,"displayorder":3,"displaypagechildlinks":false,"openinnewwindow":false,"pageid":"a1912425-6887-4e2f-8642-53448d8e3fbc","publishingstateid":"ca7128c0-711a-422a-83bf-714e16df13ee","robotsfollowlink":true,"weblinksetid":"e0cdcd52-4c5f-421b-a854-20e1e388a710"}</content>
  <iscustomizable>1</iscustomizable>
  <name>Pages</name>
  <powerpagecomponenttype>5</powerpagecomponenttype>
  <powerpagesiteid>
    <powerpagesiteid>217aef6d-14c8-41d7-912e-4d09fa09c04e</powerpagesiteid>
  </powerpagesiteid>
  <statecode>0</statecode>
  <statuscode>1</statuscode>
</powerpagecomponent>