<powerpagecomponent powerpagecomponentid="0fbb615c-bbb6-46eb-a23f-5c1fcdd0c985">
  <content>{
  "powerpagesitelanguageid": "526ce4d2-ae47-4a38-aa1f-6fad8fb70459",
  "display_name": "Logo URL",
  "type": 756150000,
  "value": "/BLACK.png"
}</content>
  <iscustomizable>1</iscustomizable>
  <name>Logo URL</name>
  <powerpagecomponenttype>7</powerpagecomponenttype>
  <powerpagesiteid>
    <powerpagesiteid>217aef6d-14c8-41d7-912e-4d09fa09c04e</powerpagesiteid>
  </powerpagesiteid>
  <powerpagesitelanguageid>
    <powerpagesitelanguageid>526ce4d2-ae47-4a38-aa1f-6fad8fb70459</powerpagesitelanguageid>
  </powerpagesitelanguageid>
  <statecode>0</statecode>
  <statuscode>1</statuscode>
</powerpagecomponent>