<powerpagecomponent powerpagecomponentid="137ece39-006d-4fc4-b347-1d569839250d">
  <content>{"description":"The amount of time the IP address will have to wait if Authentication/LoginThrottling/MaxInvaildAttemptsFromIPAddress occur within Authentication/LoginThrottling/MaxAttemptsTimeLimitTimeSpan amount of time. Default: 00:10:00 (10 mins)","value":"00:10:00"}</content>
  <iscustomizable>1</iscustomizable>
  <name>Authentication/LoginThrottling/IpAddressTimeoutTimeSpan</name>
  <powerpagecomponenttype>9</powerpagecomponenttype>
  <powerpagesiteid>
    <powerpagesiteid>217aef6d-14c8-41d7-912e-4d09fa09c04e</powerpagesiteid>
  </powerpagesiteid>
  <statecode>0</statecode>
  <statuscode>1</statuscode>
</powerpagecomponent>