<powerpagecomponent powerpagecomponentid="291b5f8f-0b0e-4453-b1c6-a98e4c71845e">
  <content>{"contentdisposition":756150000,"displayorder":9,"enabletracking":false,"excludefromsearch":true,"hiddenfromsitemap":false,"parentpageid":"961112bb-612e-4046-88a4-f27ee8e0353b","partialurl":"theme.css","publishingstateid":"ca7128c0-711a-422a-83bf-714e16df13ee"}</content>
  <filecontent mimetype="application/octet-stream">theme.css</filecontent>
  <iscustomizable>1</iscustomizable>
  <name>theme.css</name>
  <powerpagecomponenttype>3</powerpagecomponenttype>
  <powerpagesiteid>
    <powerpagesiteid>217aef6d-14c8-41d7-912e-4d09fa09c04e</powerpagesiteid>
  </powerpagesiteid>
  <statecode>0</statecode>
  <statuscode>1</statuscode>
</powerpagecomponent>