<powerpagecomponent powerpagecomponentid="2c4186dc-7b7a-4121-a233-2d9f8abc2c12">
  <content>{"copy":"&lt;p&gt;Please provide some information about yourself.&lt;/p&gt;\r\n\r\n&lt;p&gt;The &lt;strong&gt;First Name&lt;/strong&gt; and &lt;strong&gt;Last Name &lt;/strong&gt;you provide will be displayed alongside any comments, forum posts, or ideas you make on the site.&lt;/p&gt;\r\n\r\n&lt;p&gt;The &lt;strong&gt;Email Address&lt;/strong&gt; and &lt;strong&gt;Phone&lt;/strong&gt; number will not be displayed on the site.&lt;/p&gt;\r\n\r\n&lt;p&gt;Your &lt;strong&gt;Organization&lt;/strong&gt; and &lt;strong&gt;Title&lt;/strong&gt; are optional. They will be displayed with your comments and forum posts.&lt;/p&gt;","enablerating":false,"enabletracking":false,"excludefromsearch":false,"feedbackpolicy":756150000,"hiddenfromsitemap":true,"isroot":false,"pagetemplateid":"5fbfb3d7-f08b-4188-94f9-e89c1eca9e20","parentpageid":"961112bb-612e-4046-88a4-f27ee8e0353b","partialurl":"profile","publishingstateid":"ca7128c0-711a-422a-83bf-714e16df13ee","rootwebpageid":"dbaadd6f-ac98-4057-b1b8-3dfecad82961","sharedpageconfiguration":false,"title":"Profile"}</content>
  <iscustomizable>1</iscustomizable>
  <name>Profile</name>
  <powerpagecomponenttype>2</powerpagecomponenttype>
  <powerpagesiteid>
    <powerpagesiteid>217aef6d-14c8-41d7-912e-4d09fa09c04e</powerpagesiteid>
  </powerpagesiteid>
  <powerpagesitelanguageid>
    <powerpagesitelanguageid>526ce4d2-ae47-4a38-aa1f-6fad8fb70459</powerpagesitelanguageid>
  </powerpagesitelanguageid>
  <searchcontent>Profile&lt;p&gt;Please provide some information about yourself.&lt;/p&gt;

&lt;p&gt;The &lt;strong&gt;First Name&lt;/strong&gt; and &lt;strong&gt;Last Name &lt;/strong&gt;you provide will be displayed alongside any comments, forum posts, or ideas you make on the site.&lt;/p&gt;

&lt;p&gt;The &lt;strong&gt;Email Address&lt;/strong&gt; and &lt;strong&gt;Phone&lt;/strong&gt; number will not be displayed on the site.&lt;/p&gt;

&lt;p&gt;Your &lt;strong&gt;Organization&lt;/strong&gt; and &lt;strong&gt;Title&lt;/strong&gt; are optional. They will be displayed with your comments and forum posts.&lt;/p&gt;Profile</searchcontent>
  <statecode>0</statecode>
  <statuscode>1</statuscode>
</powerpagecomponent>