<powerpagecomponent powerpagecomponentid="2db69b8b-67f1-48ae-a5ea-62215c9ad81c">
  <content>{"source":"&lt;!-- Default studio template. Please do not modify --&gt;\r\n&lt;div id=\"mainContent\" class = \"wrapper-body\" role=\"main\"&gt;\r\n    {% include 'Page Copy' %}\r\n&lt;/div&gt;"}</content>
  <iscustomizable>1</iscustomizable>
  <name>Default studio template</name>
  <powerpagecomponenttype>8</powerpagecomponenttype>
  <powerpagesiteid>
    <powerpagesiteid>217aef6d-14c8-41d7-912e-4d09fa09c04e</powerpagesiteid>
  </powerpagesiteid>
  <statecode>0</statecode>
  <statuscode>1</statuscode>
</powerpagecomponent>