<powerpagecomponent powerpagecomponentid="25652eb3-dcaf-493d-809d-c7f8bf131c5b">
  <content>{"description":"The default number of unauthenticated login attempts from an IP address before the IP address is blocked for Authentication/LoginThrottling/IpAddressTimeoutTimeSpan if the attempts occur within Authentication/LoginThrottling/MaxAttemptsTimeLimitTimeSpan amount of time. Default: 1000","value":"1000"}</content>
  <iscustomizable>1</iscustomizable>
  <name>Authentication/LoginThrottling/MaxInvaildAttemptsFromIPAddress</name>
  <powerpagecomponenttype>9</powerpagecomponenttype>
  <powerpagesiteid>
    <powerpagesiteid>217aef6d-14c8-41d7-912e-4d09fa09c04e</powerpagesiteid>
  </powerpagesiteid>
  <statecode>0</statecode>
  <statuscode>1</statuscode>
</powerpagecomponent>