<powerpagecomponent powerpagecomponentid="16e245ae-1523-45b2-8f31-f7368f02552b">
  <content>{"adx_entitypermission_webrole":["ab4dc6d8-e545-4b9f-a007-4a388f26816f","3df8ea47-ecb5-4e99-b1c0-987aef697d51","ceb9762c-bfa5-47a8-8c7a-318d6f178b45"],"append":false,"appendto":false,"create":true,"delete":false,"entitylogicalname":"feedback","entityname":"Feedback","read":false,"scope":756150000,"write":false}</content>
  <iscustomizable>1</iscustomizable>
  <name>Feedback</name>
  <powerpagecomponenttype>18</powerpagecomponenttype>
  <powerpagesiteid>
    <powerpagesiteid>217aef6d-14c8-41d7-912e-4d09fa09c04e</powerpagesiteid>
  </powerpagesiteid>
  <statecode>0</statecode>
  <statuscode>1</statuscode>
</powerpagecomponent>