<powerpagecomponent powerpagecomponentid="242a23b7-c77e-4fdb-8ee2-9bd6710cd581">
  <content>{"adx_pollplacement_poll":["944e9b51-f736-ec11-8c63-000d3a3adc33","984e9b51-f736-ec11-8c63-000d3a3adc33","9d4e9b51-f736-ec11-8c63-000d3a3adc33"]}</content>
  <iscustomizable>1</iscustomizable>
  <name>Sidebar</name>
  <powerpagecomponenttype>24</powerpagecomponenttype>
  <powerpagesiteid>
    <powerpagesiteid>217aef6d-14c8-41d7-912e-4d09fa09c04e</powerpagesiteid>
  </powerpagesiteid>
  <statecode>0</statecode>
  <statuscode>1</statuscode>
</powerpagecomponent>