<powerpagecomponent powerpagecomponentid="bcbcbecc-0fc5-4079-9e2c-fe66a332f8d3">
  <content>{"display_name":"Header/Search/Label","type":756150000,"value":"Search"}</content>
  <iscustomizable>1</iscustomizable>
  <name>Header/Search/Label</name>
  <powerpagecomponenttype>7</powerpagecomponenttype>
  <powerpagesiteid>
    <powerpagesiteid>217aef6d-14c8-41d7-912e-4d09fa09c04e</powerpagesiteid>
  </powerpagesiteid>
  <powerpagesitelanguageid>
    <powerpagesitelanguageid>526ce4d2-ae47-4a38-aa1f-6fad8fb70459</powerpagesitelanguageid>
  </powerpagesitelanguageid>
  <statecode>0</statecode>
  <statuscode>1</statuscode>
</powerpagecomponent>