<powerpagecomponent powerpagecomponentid="5736b85a-f882-448f-9427-3e0bcd5e1e17">
  <content>{"display_name":"Search/Facet/Sort Order/Average User Rating","type":756150000,"value":"Average User Ratings"}</content>
  <iscustomizable>1</iscustomizable>
  <name>Search/Facet/SortOrder/AverageUserRating</name>
  <powerpagecomponenttype>7</powerpagecomponenttype>
  <powerpagesiteid>
    <powerpagesiteid>217aef6d-14c8-41d7-912e-4d09fa09c04e</powerpagesiteid>
  </powerpagesiteid>
  <powerpagesitelanguageid>
    <powerpagesitelanguageid>526ce4d2-ae47-4a38-aa1f-6fad8fb70459</powerpagesitelanguageid>
  </powerpagesitelanguageid>
  <statecode>0</statecode>
  <statuscode>1</statuscode>
</powerpagecomponent>