<powerpagecomponent powerpagecomponentid="44c0bb10-0488-4045-b06c-8a08cb588741">
  <content>{"display_name":"Page Children Heading","type":756150000,"value":"In This Section"}</content>
  <iscustomizable>1</iscustomizable>
  <name>Page Children Heading</name>
  <powerpagecomponenttype>7</powerpagecomponenttype>
  <powerpagesiteid>
    <powerpagesiteid>217aef6d-14c8-41d7-912e-4d09fa09c04e</powerpagesiteid>
  </powerpagesiteid>
  <powerpagesitelanguageid>
    <powerpagesitelanguageid>526ce4d2-ae47-4a38-aa1f-6fad8fb70459</powerpagesitelanguageid>
  </powerpagesitelanguageid>
  <statecode>0</statecode>
  <statuscode>1</statuscode>
</powerpagecomponent>