<powerpagecomponent powerpagecomponentid="fea87a06-a155-4c2d-8eba-10c6a6815fa9">
  <content>{"display_name":"Search/Facet/All","type":756150000,"value":"All"}</content>
  <iscustomizable>1</iscustomizable>
  <name>Search/Facet/All</name>
  <powerpagecomponenttype>7</powerpagecomponenttype>
  <powerpagesiteid>
    <powerpagesiteid>217aef6d-14c8-41d7-912e-4d09fa09c04e</powerpagesiteid>
  </powerpagesiteid>
  <powerpagesitelanguageid>
    <powerpagesitelanguageid>526ce4d2-ae47-4a38-aa1f-6fad8fb70459</powerpagesitelanguageid>
  </powerpagesitelanguageid>
  <statecode>0</statecode>
  <statuscode>1</statuscode>
</powerpagecomponent>