<powerpagecomponent powerpagecomponentid="d21345c0-99c9-403c-9ca0-6a63278a27d1">
  <content>{"display_name":"Search/Facet/Rating","type":756150000,"value":"Rating"}</content>
  <iscustomizable>1</iscustomizable>
  <name>Search/Facet/Rating</name>
  <powerpagecomponenttype>7</powerpagecomponenttype>
  <powerpagesiteid>
    <powerpagesiteid>217aef6d-14c8-41d7-912e-4d09fa09c04e</powerpagesiteid>
  </powerpagesiteid>
  <powerpagesitelanguageid>
    <powerpagesitelanguageid>526ce4d2-ae47-4a38-aa1f-6fad8fb70459</powerpagesitelanguageid>
  </powerpagesitelanguageid>
  <statecode>0</statecode>
  <statuscode>1</statuscode>
</powerpagecomponent>