<powerpagecomponent powerpagecomponentid="e2cdd73d-d411-4f19-b145-e3e17cb8d23f">
  <content>{"adx_webpageaccesscontrolrule_webrole":["3df8ea47-ecb5-4e99-b1c0-987aef697d51"],"right":1,"scope":1,"webpageid":"961112bb-612e-4046-88a4-f27ee8e0353b"}</content>
  <iscustomizable>1</iscustomizable>
  <name>Grant Change to Administrators</name>
  <powerpagecomponenttype>10</powerpagecomponenttype>
  <powerpagesiteid>
    <powerpagesiteid>217aef6d-14c8-41d7-912e-4d09fa09c04e</powerpagesiteid>
  </powerpagesiteid>
  <statecode>0</statecode>
  <statuscode>1</statuscode>
</powerpagecomponent>