<powerpagecomponent powerpagecomponentid="17626ef7-5856-4ad9-9595-c13c9887429d">
  <content>{"source":"&lt;div class=\"wrapper-body\"&gt;\r\n  &lt;div class=\"container\" role=\"main\"&gt;\r\n    {% editable page 'adx_copy' %}\r\n  &lt;/div&gt;\r\n  &lt;div class=\"push\"&gt;&lt;/div&gt;\r\n&lt;/div&gt;"}</content>
  <iscustomizable>1</iscustomizable>
  <name>Blank Page</name>
  <powerpagecomponenttype>8</powerpagecomponenttype>
  <powerpagesiteid>
    <powerpagesiteid>217aef6d-14c8-41d7-912e-4d09fa09c04e</powerpagesiteid>
  </powerpagesiteid>
  <statecode>0</statecode>
  <statuscode>1</statuscode>
</powerpagecomponent>