<powerpagecomponent powerpagecomponentid="6926a5b1-67c9-4a5b-963d-4ec90fc18ba2">
  <content>{"displayorder":2,"enablerating":false,"enabletracking":false,"excludefromsearch":false,"feedbackpolicy":756150000,"hiddenfromsitemap":false,"isroot":true,"pagetemplateid":"141440d1-42d6-40da-9604-3252bb872126","parentpageid":"a1912425-6887-4e2f-8642-53448d8e3fbc","partialurl":"subpage-2","publishingstateid":"ca7128c0-711a-422a-83bf-714e16df13ee","sharedpageconfiguration":false,"title":"Subpage 2"}</content>
  <iscustomizable>1</iscustomizable>
  <name>Subpage 2</name>
  <powerpagecomponenttype>2</powerpagecomponenttype>
  <powerpagesiteid>
    <powerpagesiteid>217aef6d-14c8-41d7-912e-4d09fa09c04e</powerpagesiteid>
  </powerpagesiteid>
  <searchcontent>Subpage 2Subpage 2</searchcontent>
  <statecode>0</statecode>
  <statuscode>1</statuscode>
</powerpagecomponent>