<powerpagecomponent powerpagecomponentid="2dd37ff0-d270-44ba-b750-bddbc0473b7d">
  <content>{"description":"Setting controls whether attachments will be displayed on Knowledge articles","value":"false"}</content>
  <iscustomizable>1</iscustomizable>
  <name>KnowledgeManagement/DisplayNotes</name>
  <powerpagecomponenttype>9</powerpagecomponenttype>
  <powerpagesiteid>
    <powerpagesiteid>217aef6d-14c8-41d7-912e-4d09fa09c04e</powerpagesiteid>
  </powerpagesiteid>
  <statecode>0</statecode>
  <statuscode>1</statuscode>
</powerpagecomponent>