<powerpagecomponent powerpagecomponentid="8b966faa-ffcd-4cb2-8362-ed549115a285">
  <content>{"copy":"&lt;div class=\"row sectionBlockLayout\" data-component-theme=\"portalThemeColor6\" style=\"display: flex; flex-wrap: wrap; height: 15px; min-height: 15px;\"&gt;\r\n&lt;/div&gt;\r\n&lt;div class=\"row sectionBlockLayout\" style=\"display: flex; flex-wrap: wrap; text-align: left; min-height: auto;\"&gt;\r\n  &lt;div class=\"container\" style=\"padding: 0px; display: flex; flex-wrap: wrap;\"&gt;\r\n    &lt;div class=\"col-md-12 columnBlockLayout\" style=\"flex-grow: 1; display: flex; flex-direction: column; min-width: 300px;\"&gt;\r\n      &lt;h2&gt;Subpage one&lt;/h2&gt;\r\n      &lt;p&gt;This page can be customized by adding new sections and components.&lt;/p&gt;\r\n    &lt;/div&gt;\r\n  &lt;/div&gt;\r\n&lt;/div&gt;\r\n&lt;div class=\"row sectionBlockLayout\" style=\"display: flex; flex-wrap: wrap; text-align: left; min-height: auto;\"&gt;\r\n  &lt;div class=\"container\" style=\"padding: 0px; display: flex; flex-wrap: wrap;\"&gt;\r\n    &lt;div class=\"col-md-6 columnBlockLayout\" style=\"flex-grow: 1; display: flex; flex-direction: column; min-width: 300px;\"&gt;&lt;img src=\"/Geometric-2.png\" name=\"Geometric-2.png\" alt=\"\" style=\"max-width: 100%; width: 132%; height: 336px; margin-left: auto; margin-right: auto;\"&gt;&lt;/div&gt;\r\n    &lt;div class=\"col-md-6 columnBlockLayout\" style=\"flex-grow: 1; display: flex; flex-direction: column; min-width: 300px;\"&gt;\r\n      &lt;h2&gt;Product or service one&lt;/h2&gt;\r\n      &lt;p&gt;This section could provide testimonials, links to training or documentation, or introduce other actions your audience may want to take.&lt;/p&gt;\r\n    &lt;/div&gt;\r\n  &lt;/div&gt;\r\n&lt;/div&gt;\r\n&lt;div class=\"row sectionBlockLayout\" data-component-theme=\"portalThemeColor2\" style=\"display: flex; flex-wrap: wrap; min-height: 28px;\"&gt;&lt;/div&gt;\r\n&lt;div class=\"row sectionBlockLayout\" data-component-theme=\"portalThemeColor6\" style=\"display: flex; flex-wrap: wrap; min-height: 52px;\"&gt;&lt;/div&gt;","displayorder":1,"enablerating":false,"enabletracking":false,"excludefromsearch":false,"feedbackpolicy":756150000,"hiddenfromsitemap":false,"isroot":false,"pagetemplateid":"141440d1-42d6-40da-9604-3252bb872126","parentpageid":"a1912425-6887-4e2f-8642-53448d8e3fbc","partialurl":"subpage-1","publishingstateid":"ca7128c0-711a-422a-83bf-714e16df13ee","rootwebpageid":"154622df-79c0-4258-8f61-d3c8dce7ee08","sharedpageconfiguration":false,"summary":"&lt;p&gt;You can include a description of your child page here.&lt;/p&gt;","title":"Subpage 1"}</content>
  <iscustomizable>1</iscustomizable>
  <name>Subpage 1</name>
  <powerpagecomponenttype>2</powerpagecomponenttype>
  <powerpagesiteid>
    <powerpagesiteid>217aef6d-14c8-41d7-912e-4d09fa09c04e</powerpagesiteid>
  </powerpagesiteid>
  <powerpagesitelanguageid>
    <powerpagesitelanguageid>526ce4d2-ae47-4a38-aa1f-6fad8fb70459</powerpagesitelanguageid>
  </powerpagesitelanguageid>
  <searchcontent>Subpage 1&lt;div class="row sectionBlockLayout" data-component-theme="portalThemeColor6" style="display: flex; flex-wrap: wrap; height: 15px; min-height: 15px;"&gt;
&lt;/div&gt;
&lt;div class="row sectionBlockLayout" style="display: flex; flex-wrap: wrap; text-align: left; min-height: auto;"&gt;
  &lt;div class="container" style="padding: 0px; display: flex; flex-wrap: wrap;"&gt;
    &lt;div class="col-md-12 columnBlockLayout" style="flex-grow: 1; display: flex; flex-direction: column; min-width: 300px;"&gt;
      &lt;h2&gt;Subpage one&lt;/h2&gt;
      &lt;p&gt;This page can be customized by adding new sections and components.&lt;/p&gt;
    &lt;/div&gt;
  &lt;/div&gt;
&lt;/div&gt;
&lt;div class="row sectionBlockLayout" style="display: flex; flex-wrap: wrap; text-align: left; min-height: auto;"&gt;
  &lt;div class="container" style="padding: 0px; display: flex; flex-wrap: wrap;"&gt;
    &lt;div class="col-md-6 columnBlockLayout" style="flex-grow: 1; display: flex; flex-direction: column; min-width: 300px;"&gt;&lt;img src="/Geometric-2.png" name="Geometric-2.png" alt="" style="max-width: 100%; width: 132%; height: 336px; margin-left: auto; margin-right: auto;"&gt;&lt;/div&gt;
    &lt;div class="col-md-6 columnBlockLayout" style="flex-grow: 1; display: flex; flex-direction: column; min-width: 300px;"&gt;
      &lt;h2&gt;Product or service one&lt;/h2&gt;
      &lt;p&gt;This section could provide testimonials, links to training or documentation, or introduce other actions your audience may want to take.&lt;/p&gt;
    &lt;/div&gt;
  &lt;/div&gt;
&lt;/div&gt;
&lt;div class="row sectionBlockLayout" data-component-theme="portalThemeColor2" style="display: flex; flex-wrap: wrap; min-height: 28px;"&gt;&lt;/div&gt;
&lt;div class="row sectionBlockLayout" data-component-theme="portalThemeColor6" style="display: flex; flex-wrap: wrap; min-height: 52px;"&gt;&lt;/div&gt;Subpage 1</searchcontent>
  <statecode>0</statecode>
  <statuscode>1</statuscode>
</powerpagecomponent>