<powerpagecomponent powerpagecomponentid="8ddda3c7-0dd2-45cd-beaa-181695afc245">
  <content>{"description":"Determines if faceted search is used for this portal.","value":"True"}</content>
  <iscustomizable>1</iscustomizable>
  <name>Search/FacetedView</name>
  <powerpagecomponenttype>9</powerpagecomponenttype>
  <powerpagesiteid>
    <powerpagesiteid>217aef6d-14c8-41d7-912e-4d09fa09c04e</powerpagesiteid>
  </powerpagesiteid>
  <statecode>0</statecode>
  <statuscode>1</statuscode>
</powerpagecomponent>