<powerpagecomponent powerpagecomponentid="5630c66e-b089-40b5-aaa0-353bd3ef07a4">
  <content>{"source":"&lt;div class=\"page-header\"&gt;\r\n    &lt;h1&gt;{% editable page 'adx_title' type: 'html', liquid: true %}&lt;/h1&gt;\r\n&lt;/div&gt;"}</content>
  <iscustomizable>1</iscustomizable>
  <name>Page Header</name>
  <powerpagecomponenttype>8</powerpagecomponenttype>
  <powerpagesiteid>
    <powerpagesiteid>217aef6d-14c8-41d7-912e-4d09fa09c04e</powerpagesiteid>
  </powerpagesiteid>
  <statecode>0</statecode>
  <statuscode>1</statuscode>
</powerpagecomponent>