<powerpagecomponent powerpagecomponentid="a2cb5a55-ef59-4567-9c73-d793b199bc26">
  <content>{"copy":"&lt;div class=\"row sectionBlockLayout\" data-component-theme=\"portalThemeColor5\" style=\"display: flex; flex-wrap: wrap; min-height: 50px;\"&gt;&lt;/div&gt;\r\n&lt;div class=\"row sectionBlockLayout\" data-component-theme=\"portalThemeColor6\" style=\"display: flex; flex-wrap: wrap; min-height: 50px;\"&gt;&lt;/div&gt;\r\n&lt;div class=\"row sectionBlockLayout\" style=\"display: flex; flex-wrap: wrap; text-align: left; min-height: 374px;\"&gt;\r\n  &lt;div class=\"container\" style=\"padding: 0px; display: flex; flex-wrap: wrap;\"&gt;\r\n    &lt;div class=\"col-md-12 columnBlockLayout\" style=\"flex-grow: 1; display: flex; flex-direction: column; min-width: 300px;\"&gt;&lt;img src=\"/Cat-PC.png\" alt=\"\" name=\"Cat-PC.png\" style=\"width: 200px; height: 161px; margin-left: auto; margin-right: auto;\"&gt;\r\n      &lt;h2 style=\"text-align: center;\"&gt;Page not found&lt;/h2&gt;\r\n      &lt;p style=\"text-align: center;\"&gt;Check the link and try again&lt;/p&gt;\r\n    &lt;/div&gt;\r\n  &lt;/div&gt;\r\n&lt;/div&gt;\r\n&lt;div class=\"row sectionBlockLayout\" data-component-theme=\"portalThemeColor1\" style=\"display: flex; flex-wrap: wrap; min-height: 315px;\"&gt;&lt;/div&gt;","enablerating":false,"enabletracking":false,"excludefromsearch":true,"feedbackpolicy":756150000,"hiddenfromsitemap":true,"isroot":false,"pagetemplateid":"141440d1-42d6-40da-9604-3252bb872126","parentpageid":"961112bb-612e-4046-88a4-f27ee8e0353b","partialurl":"page-not-found","publishingstateid":"ca7128c0-711a-422a-83bf-714e16df13ee","rootwebpageid":"ba7773bd-3d9b-4b68-ab76-64573aa79d44","sharedpageconfiguration":false}</content>
  <iscustomizable>1</iscustomizable>
  <name>Page Not Found</name>
  <powerpagecomponenttype>2</powerpagecomponenttype>
  <powerpagesiteid>
    <powerpagesiteid>217aef6d-14c8-41d7-912e-4d09fa09c04e</powerpagesiteid>
  </powerpagesiteid>
  <powerpagesitelanguageid>
    <powerpagesitelanguageid>526ce4d2-ae47-4a38-aa1f-6fad8fb70459</powerpagesitelanguageid>
  </powerpagesitelanguageid>
  <searchcontent>&lt;div class="row sectionBlockLayout" data-component-theme="portalThemeColor5" style="display: flex; flex-wrap: wrap; min-height: 50px;"&gt;&lt;/div&gt;
&lt;div class="row sectionBlockLayout" data-component-theme="portalThemeColor6" style="display: flex; flex-wrap: wrap; min-height: 50px;"&gt;&lt;/div&gt;
&lt;div class="row sectionBlockLayout" style="display: flex; flex-wrap: wrap; text-align: left; min-height: 374px;"&gt;
  &lt;div class="container" style="padding: 0px; display: flex; flex-wrap: wrap;"&gt;
    &lt;div class="col-md-12 columnBlockLayout" style="flex-grow: 1; display: flex; flex-direction: column; min-width: 300px;"&gt;&lt;img src="/Cat-PC.png" alt="" name="Cat-PC.png" style="width: 200px; height: 161px; margin-left: auto; margin-right: auto;"&gt;
      &lt;h2 style="text-align: center;"&gt;Page not found&lt;/h2&gt;
      &lt;p style="text-align: center;"&gt;Check the link and try again&lt;/p&gt;
    &lt;/div&gt;
  &lt;/div&gt;
&lt;/div&gt;
&lt;div class="row sectionBlockLayout" data-component-theme="portalThemeColor1" style="display: flex; flex-wrap: wrap; min-height: 315px;"&gt;&lt;/div&gt;Page Not Found</searchcontent>
  <statecode>0</statecode>
  <statuscode>1</statuscode>
</powerpagecomponent>