<powerpagecomponent powerpagecomponentid="dd1121aa-ae58-49c2-a493-0a7ee2b6582f">
  <content>{
  "description": "Enables or disables Azure AD as an external identity provider. By default, it is set to true.",
  "value": "false"
}</content>
  <iscustomizable>1</iscustomizable>
  <name>Authentication/Registration/AzureADLoginEnabled</name>
  <powerpagecomponenttype>9</powerpagecomponenttype>
  <powerpagesiteid>
    <powerpagesiteid>217aef6d-14c8-41d7-912e-4d09fa09c04e</powerpagesiteid>
  </powerpagesiteid>
  <statecode>0</statecode>
  <statuscode>1</statuscode>
</powerpagecomponent>