<powerpagecomponent powerpagecomponentid="94d489c6-b959-4939-9f3d-b905dfce42b7">
  <content>{"description":"Site setting that determines if the language code is included in the portal URL.","value":"False"}</content>
  <iscustomizable>1</iscustomizable>
  <name>MultiLanguage/DisplayLanguageCodeInURL</name>
  <powerpagecomponenttype>9</powerpagecomponenttype>
  <powerpagesiteid>
    <powerpagesiteid>217aef6d-14c8-41d7-912e-4d09fa09c04e</powerpagesiteid>
  </powerpagesiteid>
  <statecode>0</statecode>
  <statuscode>1</statuscode>
</powerpagecomponent>