<powerpagecomponent powerpagecomponentid="7ed6a37b-f9ce-4e50-ad33-da46f13c8cca">
  <content>{"disablepagevalidation":false,"displayimageonly":false,"displayorder":2,"displaypagechildlinks":false,"openinnewwindow":false,"pageid":"a1912425-6887-4e2f-8642-53448d8e3fbc","publishingstateid":"ca7128c0-711a-422a-83bf-714e16df13ee","robotsfollowlink":true,"weblinksetid":"57a31669-8ec2-461f-be33-d15c5ab6910b"}</content>
  <iscustomizable>1</iscustomizable>
  <name>Pages</name>
  <powerpagecomponenttype>5</powerpagecomponenttype>
  <powerpagesiteid>
    <powerpagesiteid>217aef6d-14c8-41d7-912e-4d09fa09c04e</powerpagesiteid>
  </powerpagesiteid>
  <statecode>0</statecode>
  <statuscode>1</statuscode>
</powerpagecomponent>