<powerpagecomponent powerpagecomponentid="4eaa2cbd-7539-4142-b9a8-48d6bb5eec1e">
  <content>{"contentdisposition":756150000,"enabletracking":false,"excludefromsearch":false,"hiddenfromsitemap":false,"parentpageid":"961112bb-612e-4046-88a4-f27ee8e0353b","partialurl":"Geometric-2.png","publishingstateid":"ca7128c0-711a-422a-83bf-714e16df13ee"}</content>
  <filecontent mimetype="application/octet-stream">Geometric-2.png</filecontent>
  <iscustomizable>1</iscustomizable>
  <name>Geometric-2.png</name>
  <powerpagecomponenttype>3</powerpagecomponenttype>
  <powerpagesiteid>
    <powerpagesiteid>217aef6d-14c8-41d7-912e-4d09fa09c04e</powerpagesiteid>
  </powerpagesiteid>
  <statecode>0</statecode>
  <statuscode>1</statuscode>
</powerpagecomponent>