<powerpagecomponent powerpagecomponentid="4cfd9f0a-babc-416c-980b-bce8c590aff1">
  <content>{"description":"A collection of search logical name filter options. Defining a value here will add dropdown filter options to site-wide search.\n\nThis value should be in the form of name/value pairs, with name and value separated by a colon, and pairs separated by a semicolon. For example: \"Forums:adx_communityforum,adx_communityforumthread,adx_communityforumpost;Blogs:adx_blog,adx_blogpost,adx_blogpostcomment\"."}</content>
  <iscustomizable>1</iscustomizable>
  <name>search/filters</name>
  <powerpagecomponenttype>9</powerpagecomponenttype>
  <powerpagesiteid>
    <powerpagesiteid>217aef6d-14c8-41d7-912e-4d09fa09c04e</powerpagesiteid>
  </powerpagesiteid>
  <statecode>0</statecode>
  <statuscode>1</statuscode>
</powerpagecomponent>