<powerpagecomponent powerpagecomponentid="e8f28046-9139-4f8d-bc9a-0db5a3ecee7c">
  <content>{"display_name":"Header","type":756150000,"value":"&lt;h3&gt;&lt;a href=\"~/\"&gt;Starter Portal&lt;/a&gt;&lt;/h3&gt;"}</content>
  <iscustomizable>1</iscustomizable>
  <name>Header</name>
  <powerpagecomponenttype>7</powerpagecomponenttype>
  <powerpagesiteid>
    <powerpagesiteid>217aef6d-14c8-41d7-912e-4d09fa09c04e</powerpagesiteid>
  </powerpagesiteid>
  <powerpagesitelanguageid>
    <powerpagesitelanguageid>526ce4d2-ae47-4a38-aa1f-6fad8fb70459</powerpagesitelanguageid>
  </powerpagesitelanguageid>
  <statecode>0</statecode>
  <statuscode>1</statuscode>
</powerpagecomponent>