<powerpagecomponent powerpagecomponentid="fa8a276b-eca2-4cd5-916a-d15000b23f33">
  <content>{"display_name":"Header/Search/FilterLabel","type":756150000,"value":"Search Filter"}</content>
  <iscustomizable>1</iscustomizable>
  <name>Header/Search/FilterLabel</name>
  <powerpagecomponenttype>7</powerpagecomponenttype>
  <powerpagesiteid>
    <powerpagesiteid>217aef6d-14c8-41d7-912e-4d09fa09c04e</powerpagesiteid>
  </powerpagesiteid>
  <powerpagesitelanguageid>
    <powerpagesitelanguageid>526ce4d2-ae47-4a38-aa1f-6fad8fb70459</powerpagesitelanguageid>
  </powerpagesitelanguageid>
  <statecode>0</statecode>
  <statuscode>1</statuscode>
</powerpagecomponent>