<powerpagecomponent powerpagecomponentid="f2878e2c-1322-4ef0-a834-81f99c49fd7a">
  <content>{"source":"&lt;div class=\"container\"&gt;\r &lt;div class=\"page-heading\"&gt;\r  {% block breadcrumbs %}\r      {% include 'Breadcrumbs' %}\r    {% endblock %}\r  {% block title %}\r    {% include 'Page Header' %}\r  {% endblock %}\r &lt;/div&gt;\r &lt;div class=\"row\"&gt;\r  &lt;div class=\"col-md-4 left-column\"&gt;\r   {% block left_aside %}{% endblock %}\r  &lt;/div&gt;\r  &lt;div class=\"col-md-4 middle-column\"&gt;\r   {% block main %}\r    {% include 'Page Copy' %}\r   {% endblock %}\r  &lt;/div&gt;\r  &lt;div class=\"col-md-4 right-column\"&gt;\r   {% block right_aside %}{% endblock %}\r  &lt;/div&gt;\r &lt;/div&gt;\r&lt;/div&gt;"}</content>
  <iscustomizable>1</iscustomizable>
  <name>Layout 3 Column</name>
  <powerpagecomponenttype>8</powerpagecomponenttype>
  <powerpagesiteid>
    <powerpagesiteid>217aef6d-14c8-41d7-912e-4d09fa09c04e</powerpagesiteid>
  </powerpagesiteid>
  <statecode>0</statecode>
  <statuscode>1</statuscode>
</powerpagecomponent>