<powerpagecomponent powerpagecomponentid="de566150-db20-47c1-a55b-b8c0be9c8a45">
  <content>{"copy":"&lt;div class=\"row sectionBlockLayout\" style=\"display: flex; flex-wrap: wrap; min-height: 50px; background: var(--portalThemeColor2);\"&gt;&lt;/div&gt;\r\n&lt;div class=\"row sectionBlockLayout\" style=\"display: flex; flex-wrap: wrap; min-height: 50px; background: var(--portalThemeColor6);\"&gt;&lt;/div&gt;\r\n&lt;div class=\"row sectionBlockLayout\" style=\"display: flex; flex-wrap: wrap; text-align: left; min-height: 374px;\"&gt;\r\n  &lt;div data-component-theme=\"portalThemeColor7\" class=\"container\" style=\"padding: 0px; display: flex; flex-wrap: wrap;\"&gt;\r\n    &lt;div class=\"col-md-12 columnBlockLayout\" style=\"flex-grow: 1; display: flex; flex-direction: column; min-width: 300px; padding: 16px;\"&gt;&lt;img src=\"/Cat-PC.png\" alt=\"\" name=\"Cat-PC.png\" style=\"width: 200px; height: 161px; margin-left: auto; margin-right: auto;\"&gt;\r\n      &lt;h2 style=\"text-align: center;\"&gt;You don’t have access to this&lt;/h2&gt;\r\n      &lt;p style=\"text-align: center;\"&gt;Check your credentials or ask your admin to request access&lt;/p&gt;\r\n    &lt;/div&gt;\r\n  &lt;/div&gt;\r\n&lt;/div&gt;\r\n&lt;div class=\"row sectionBlockLayout\" style=\"display: flex; flex-wrap: wrap; min-height: 315px; background: var(--portalThemeColor1);\"&gt;&lt;/div&gt;","enablerating":false,"enabletracking":false,"excludefromsearch":true,"feedbackpolicy":756150000,"hiddenfromsitemap":true,"isroot":false,"pagetemplateid":"141440d1-42d6-40da-9604-3252bb872126","parentpageid":"961112bb-612e-4046-88a4-f27ee8e0353b","partialurl":"access-denied","publishingstateid":"ca7128c0-711a-422a-83bf-714e16df13ee","rootwebpageid":"fb4fd39b-9bfe-4f15-8978-12c48c0f9b4b","sharedpageconfiguration":false}</content>
  <iscustomizable>1</iscustomizable>
  <name>Access Denied</name>
  <powerpagecomponenttype>2</powerpagecomponenttype>
  <powerpagesiteid>
    <powerpagesiteid>217aef6d-14c8-41d7-912e-4d09fa09c04e</powerpagesiteid>
  </powerpagesiteid>
  <powerpagesitelanguageid>
    <powerpagesitelanguageid>526ce4d2-ae47-4a38-aa1f-6fad8fb70459</powerpagesitelanguageid>
  </powerpagesitelanguageid>
  <searchcontent>&lt;div class="row sectionBlockLayout" style="display: flex; flex-wrap: wrap; min-height: 50px; background: var(--portalThemeColor2);"&gt;&lt;/div&gt;
&lt;div class="row sectionBlockLayout" style="display: flex; flex-wrap: wrap; min-height: 50px; background: var(--portalThemeColor6);"&gt;&lt;/div&gt;
&lt;div class="row sectionBlockLayout" style="display: flex; flex-wrap: wrap; text-align: left; min-height: 374px;"&gt;
  &lt;div data-component-theme="portalThemeColor7" class="container" style="padding: 0px; display: flex; flex-wrap: wrap;"&gt;
    &lt;div class="col-md-12 columnBlockLayout" style="flex-grow: 1; display: flex; flex-direction: column; min-width: 300px; padding: 16px;"&gt;&lt;img src="/Cat-PC.png" alt="" name="Cat-PC.png" style="width: 200px; height: 161px; margin-left: auto; margin-right: auto;"&gt;
      &lt;h2 style="text-align: center;"&gt;You don’t have access to this&lt;/h2&gt;
      &lt;p style="text-align: center;"&gt;Check your credentials or ask your admin to request access&lt;/p&gt;
    &lt;/div&gt;
  &lt;/div&gt;
&lt;/div&gt;
&lt;div class="row sectionBlockLayout" style="display: flex; flex-wrap: wrap; min-height: 315px; background: var(--portalThemeColor1);"&gt;&lt;/div&gt;Access Denied</searchcontent>
  <statecode>0</statecode>
  <statuscode>1</statuscode>
</powerpagecomponent>